"Date (UTC)","Timestamp (UTC)","4500","4200","4000","3900","3800","3700","3500","3300","3100","2900","2700","2600","2200","2100","1900","1700","1000"
"06-30-2025 17:00","1751302807","","","0.04","","","","","","","","","","","","0.15","0.1","0.015"
"06-30-2025 18:00","1751306407","","","0.03","","","","","","0.5","0.5","0.66","0.81","0.49","0.17","0.225","0.1","0.5"
"06-30-2025 19:00","1751310007","","","0.0215","","","","","","0.23","0.39","0.635","0.79","0.505","0.345","0.17","0.075","0.0195"
"06-30-2025 20:00","1751313607","","","0.0275","","","","","","0.24","0.42","0.685","0.84","0.465","0.315","0.15","0.065","0.02"
"06-30-2025 21:00","1751317207","","","0.0275","","","","","","0.235","0.4","0.685","0.835","0.475","0.32","0.16","0.08","0.02"
"06-30-2025 22:00","1751320807","","","0.0265","","","","","","0.225","0.38","0.645","0.805","0.495","0.335","0.17","0.085","0.02"
"06-30-2025 23:00","1751324407","","","0.0265","","","","","","0.22","0.38","0.645","0.805","0.495","0.33","0.16","0.08","0.0195"
"07-01-2025 00:00","1751328008","","","0.0265","","","","","","0.21","0.37","0.635","0.805","0.495","0.335","0.165","0.085","0.0195"
"07-01-2025 01:00","1751331607","","","0.0255","","","","","","0.215","0.38","0.65","0.81","0.49","0.33","0.155","0.085","0.0165"
"07-01-2025 02:00","1751335207","","","0.029","","","","","","0.21","0.38","0.645","0.8","0.495","0.335","0.145","0.075","0.0165"
"07-01-2025 03:00","1751338808","","","0.047","","","","","","0.205","0.37","0.635","0.795","0.5","0.34","0.145","0.075","0.0165"
"07-01-2025 04:00","1751342407","","","0.0425","","","","","","0.21","0.37","0.635","0.8","0.495","0.335","0.155","0.08","0.0165"
"07-01-2025 05:00","1751346007","","","0.0315","","","","","","0.19","0.34","0.585","0.755","0.52","0.36","0.16","0.08","0.012"
"07-01-2025 06:00","1751349607","","","0.02","","","","","","0.185","0.33","0.57","0.74","0.535","0.365","0.165","0.08","0.013"
"07-01-2025 07:00","1751353207","","","0.019","","","","","","0.185","0.325","0.575","0.735","0.53","0.37","0.16","0.08","0.0135"
"07-01-2025 08:00","1751356807","","","0.017","","","","","","0.185","0.325","0.575","0.735","0.53","0.355","0.155","0.07","0.0095"
"07-01-2025 09:00","1751360406","","","0.0165","","","","","","0.175","0.33","0.56","0.715","0.54","0.395","0.17","0.075","0.0095"
"07-01-2025 10:00","1751364007","","","0.016","","","","","","0.165","0.32","0.545","0.705","0.53","0.415","0.165","0.065","0.0095"
"07-01-2025 11:00","1751367607","","","0.017","","","","","","0.145","0.315","0.53","0.725","0.555","0.405","0.165","0.055","0.0095"
"07-01-2025 12:00","1751371207","","","0.017","","","","","","0.155","0.31","0.545","0.7","0.555","0.41","0.165","0.065","0.0095"
"07-01-2025 13:00","1751374806","","","0.0175","","","","","","0.155","0.285","0.545","0.705","0.57","0.42","0.175","0.06","0.0095"
"07-01-2025 14:00","1751378407","","","0.0155","","","","","","0.16","0.29","0.545","0.71","0.565","0.41","0.17","0.065","0.0085"
"07-01-2025 15:00","1751382007","","","0.016","","","","","","0.155","0.275","0.515","0.665","0.585","0.43","0.19","0.085","0.0085"
"07-01-2025 16:00","1751385606","","","0.016","","","","","","0.155","0.275","0.525","0.67","0.58","0.43","0.18","0.075","0.0085"
"07-01-2025 17:00","1751389207","","","0.016","","","","","","0.155","0.28","0.52","0.675","0.58","0.405","0.18","0.07","0.0085"
"07-01-2025 18:00","1751392807","","","0.016","","","","","","0.155","0.28","0.53","0.685","0.565","0.4","0.175","0.07","0.0085"
"07-01-2025 19:00","1751396407","","","0.016","","","","","","0.155","0.255","0.495","0.65","0.6","0.43","0.19","0.08","0.0085"
"07-01-2025 20:00","1751400008","","","0.016","","","","","","0.145","0.25","0.49","0.635","0.605","0.44","0.19","0.08","0.008"
"07-01-2025 21:00","1751403608","","","0.016","","","","","","0.145","0.26","0.51","0.655","0.585","0.42","0.185","0.075","0.008"
"07-01-2025 22:00","1751407208","","","0.016","","","","","","0.145","0.255","0.5","0.65","0.6","0.43","0.195","0.075","0.008"
"07-01-2025 23:00","1751410808","","","0.016","","","","","","0.14","0.25","0.49","0.64","0.61","0.435","0.195","0.08","0.008"
"07-02-2025 00:00","1751414407","","","0.016","","","","","","0.15","0.25","0.49","0.645","0.61","0.44","0.2","0.08","0.0085"
"07-02-2025 01:00","1751418008","","","0.0155","","","","","","0.135","0.24","0.48","0.63","0.62","0.44","0.2","0.08","0.008"
"07-02-2025 02:00","1751421607","","","0.0155","","","","","","0.135","0.25","0.5","0.65","0.6","0.43","0.19","0.08","0.008"
"07-02-2025 03:00","1751425207","","","0.0145","","","","","","0.135","0.26","0.51","0.66","0.585","0.42","0.185","0.07","0.0075"
"07-02-2025 04:00","1751428808","","","0.0145","","","","","","0.135","0.27","0.53","0.68","0.565","0.4","0.18","0.07","0.007"
"07-02-2025 05:00","1751432408","","","0.0145","","","","","","0.15","0.28","0.545","0.7","0.545","0.38","0.175","0.07","0.0065"
"07-02-2025 06:00","1751436007","","","0.0145","","","","","","0.15","0.28","0.555","0.71","0.535","0.38","0.175","0.065","0.0065"
"07-02-2025 07:00","1751439607","","","0.014","","","","","","0.165","0.285","0.565","0.72","0.52","0.37","0.16","0.06","0.0065"
"07-02-2025 08:00","1751443207","","","0.013","","","","","","0.17","0.28","0.56","0.72","0.53","0.38","0.165","0.065","0.0065"
"07-02-2025 09:00","1751446807","","","0.013","","","","","","0.17","0.28","0.565","0.72","0.52","0.37","0.16","0.06","0.0065"
"07-02-2025 10:00","1751450408","","","0.0145","","","","","","0.175","0.28","0.56","0.715","0.52","0.375","0.165","0.06","0.0055"
"07-02-2025 11:00","1751454007","","","0.0145","","","","","","0.18","0.285","0.565","0.72","0.515","0.37","0.165","0.055","0.0055"
"07-02-2025 12:00","1751457607","","","0.0145","","","","","","0.175","0.28","0.54","0.72","0.53","0.375","0.17","0.065","0.0055"
"07-02-2025 13:00","1751461207","","","0.0135","","","","","","0.16","0.27","0.54","0.705","0.54","0.38","0.17","0.065","0.0055"
"07-02-2025 14:00","1751464807","","","0.0135","","","","","","0.165","0.28","0.55","0.715","0.52","0.365","0.165","0.065","0.0055"
"07-02-2025 15:00","1751468407","","","0.0135","","","","","","0.18","0.3","0.59","0.755","0.49","0.35","0.155","0.06","0.0055"
"07-02-2025 16:00","1751472008","","","0.014","","","","","","0.195","0.34","0.635","0.81","0.45","0.32","0.145","0.055","0.0055"
"07-02-2025 17:00","1751475608","","","0.0165","","","","","","0.255","0.43","0.745","0.93","0.385","0.265","0.115","0.045","0.0055"
"07-02-2025 18:00","1751479207","","","0.017","","","","","","0.27","0.445","0.755","0.9345","0.395","0.255","0.115","0.045","0.0045"
"07-02-2025 19:00","1751482808","","","0.0175","","","","","","0.285","0.47","0.79","0.965","0.37","0.26","0.115","0.045","0.0045"
"07-02-2025 20:00","1751486408","","","0.0175","","","","","","0.295","0.5","0.83","0.9995","0.35","0.245","0.11","0.0355","0.004"
"07-02-2025 21:00","1751490008","","","0.0195","","","","","","0.295","0.51","0.82","0.9995","0.375","0.26","0.115","0.0445","0.004"
"07-02-2025 22:00","1751493607","","","0.0205","","","","","","0.305","0.505","0.815","0.9995","0.375","0.255","0.11","0.0445","0.004"
"07-02-2025 23:00","1751497208","","","0.0205","","","","","","0.305","0.51","0.81","","0.36","0.25","0.11","0.045","0.004"
"07-03-2025 00:00","1751500808","","","0.0205","","","","","","0.285","0.47","0.77","","0.39","0.27","0.12","0.049","0.004"
"07-03-2025 01:00","1751504408","","","0.0205","","","","","","0.28","0.48","0.78","","0.385","0.26","0.11","0.05","0.0035"
"07-03-2025 02:00","1751508007","","","0.0205","","","","","","0.29","0.49","0.79","","0.375","0.26","0.11","0.0495","0.0035"
"07-03-2025 03:00","1751511607","","","0.0205","","","","","","0.275","0.47","0.76","","0.39","0.27","0.12","0.049","0.0035"
"07-03-2025 04:00","1751515208","","","0.0185","","","","","","0.27","0.46","0.76","","0.395","0.275","0.12","0.0515","0.0035"
"07-03-2025 05:00","1751518807","","","0.0195","","","","","","0.27","0.47","0.77","","0.39","0.27","0.115","0.0515","0.0035"
"07-03-2025 06:00","1751522408","","","0.021","","","","","","0.29","0.505","0.8","","0.37","0.25","0.115","0.051","0.0035"
"07-03-2025 07:00","1751526008","","","0.0205","","","","","","0.295","0.52","0.825","","0.36","0.245","0.11","0.0505","0.0035"
"07-03-2025 08:00","1751529608","","","0.0215","","","","","","0.3","0.52","0.82","","0.355","0.245","0.11","0.049","0.0035"
"07-03-2025 09:00","1751533207","","","0.0215","","","","","","0.295","0.51","0.81","","0.365","0.25","0.115","0.0465","0.0035"
"07-03-2025 10:00","1751536808","","","0.0205","","","","","","0.305","0.52","0.82","","0.36","0.245","0.115","0.0425","0.0035"
"07-03-2025 11:00","1751540408","","","0.0205","","","","","","0.3","0.52","0.82","","0.36","0.25","0.115","0.043","0.0035"
"07-03-2025 12:00","1751544008","","","0.021","","","","","","0.3","0.52","0.81","","0.36","0.25","0.115","0.0445","0.0035"
"07-03-2025 13:00","1751547607","","","0.0195","","","","","","0.29","0.5","0.795","","0.37","0.255","0.125","0.0455","0.0035"
"07-03-2025 14:00","1751551207","","","0.022","","","","","","0.33","0.56","0.86","","0.33","0.235","0.105","0.0435","0.0035"
"07-03-2025 15:00","1751554808","","","0.0195","","","","","","0.295","0.52","0.81","","0.365","0.25","0.11","0.045","0.0035"
"07-03-2025 16:00","1751558407","","","0.018","","","","","","0.275","0.47","0.775","","0.395","0.27","0.115","0.0475","0.0035"
"07-03-2025 17:00","1751562008","","","0.018","","","","","","0.275","0.46","0.77","","0.395","0.27","0.12","0.0455","0.0035"
"07-03-2025 18:00","1751565608","","","0.018","","","","","","0.275","0.46","0.78","","0.39","0.265","0.12","0.0445","0.0035"
"07-03-2025 19:00","1751569207","","","0.018","","","","","","0.28","0.465","0.79","","0.38","0.26","0.12","0.041","0.0035"
"07-03-2025 20:00","1751572809","","","0.018","","","","","","0.28","0.465","0.795","","0.375","0.25","0.11","0.0415","0.0035"
"07-03-2025 21:00","1751576408","","","0.018","","","","","","0.29","0.49","0.81","","0.355","0.24","0.11","0.035","0.0035"
"07-03-2025 22:00","1751580008","","","0.018","","","","","","0.29","0.49","0.805","","0.365","0.25","0.11","0.036","0.0035"
"07-03-2025 23:00","1751583607","","","0.018","","","","","","0.275","0.485","0.8","","0.365","0.25","0.105","0.035","0.0035"
"07-04-2025 00:00","1751587208","","","0.018","","","","","","0.28","0.48","0.8","","0.37","0.25","0.11","0.037","0.0035"
"07-04-2025 01:00","1751590808","","","0.018","","","","","","0.27","0.48","0.79","","0.37","0.25","0.105","0.037","0.0035"
"07-04-2025 02:00","1751594407","","","0.018","","","","","","0.275","0.48","0.8","","0.37","0.25","0.105","0.036","0.0035"
"07-04-2025 03:00","1751598008","","","0.0175","","","","","","0.26","0.46","0.765","","0.38","0.26","0.105","0.036","0.0035"
"07-04-2025 04:00","1751601608","","","0.0175","","","","","","0.26","0.46","0.775","","0.375","0.26","0.105","0.036","0.0035"
"07-04-2025 05:00","1751605207","","","0.0205","","","","","","0.255","0.455","0.76","","0.385","0.26","0.115","0.0395","0.0035"
"07-04-2025 06:00","1751608807","","","0.0205","","","","","","0.255","0.44","0.755","","0.385","0.26","0.11","0.04","0.0035"
"07-04-2025 07:00","1751612407","","","0.019","","","","","","0.235","0.425","0.735","","0.395","0.28","0.12","0.0425","0.0035"
"07-04-2025 08:00","1751616007","","","0.0175","","","","","","0.215","0.38","0.695","","0.42","0.295","0.13","0.0455","0.0035"
"07-04-2025 09:00","1751619607","","","0.0175","","","","","","0.22","0.39","0.715","","0.405","0.28","0.135","0.045","0.0035"
"07-04-2025 10:00","1751623207","","","0.018","","","","","","0.225","0.4","0.72","","0.4","0.275","0.135","0.0445","0.0035"
"07-04-2025 11:00","1751626807","","","0.018","","","","","","0.22","0.4","0.705","","0.4","0.28","0.135","0.045","0.0035"
"07-04-2025 12:00","1751630407","","","0.0185","","","","","","0.225","0.4","0.715","","0.38","0.275","0.135","0.046","0.0035"
"07-04-2025 13:00","1751634008","","","0.0185","","","","","","0.22","0.4","0.71","","0.38","0.275","0.135","0.0455","0.0035"
"07-04-2025 14:00","1751637608","","","0.017","","","","","","0.21","0.37","0.67","","0.41","0.28","0.135","0.0415","0.0035"
"07-04-2025 15:00","1751641208","","","0.016","","","","","","0.2","0.355","0.65","","0.43","0.3","0.135","0.047","0.0035"
"07-04-2025 16:00","1751644807","","","0.0155","","","","","","0.185","0.34","0.61","","0.45","0.31","0.14","0.048","0.0035"
"07-04-2025 17:00","1751648409","","","0.015","","","","","","0.175","0.32","0.59","","0.485","0.33","0.15","0.05","0.0035"
"07-04-2025 18:00","1751652008","","","0.0145","","","","","","0.18","0.33","0.605","","0.475","0.315","0.145","0.048","0.0035"
"07-04-2025 19:00","1751655608","","","0.015","","","","","","0.18","0.32","0.58","","0.48","0.33","0.15","0.0495","0.0035"
"07-04-2025 20:00","1751659208","","","0.013","","","","","","0.18","0.32","0.58","","0.49","0.33","0.15","0.0575","0.0035"
"07-04-2025 21:00","1751662807","","","0.013","","","","","","0.19","0.33","0.6","","0.48","0.32","0.14","0.0535","0.0035"
"07-04-2025 22:00","1751666408","","","0.014","","","","","","0.19","0.335","0.605","","0.475","0.32","0.135","0.052","0.0035"
"07-04-2025 23:00","1751670008","","","0.014","","","","","","0.195","0.37","0.64","","0.435","0.295","0.125","0.0505","0.0035"
"07-05-2025 00:00","1751673608","","","0.0145","","","","","","0.195","0.355","0.62","","0.45","0.3","0.13","0.048","0.0035"
"07-05-2025 01:00","1751677208","","","0.0145","","","","","","0.195","0.36","0.64","","0.44","0.295","0.125","0.0445","0.0035"
"07-05-2025 02:00","1751680808","","","0.0135","","","","","","0.195","0.36","0.63","","0.44","0.305","0.125","0.044","0.0035"
"07-05-2025 03:00","1751684407","","","0.013","","","","","","0.195","0.36","0.64","","0.435","0.3","0.125","0.044","0.0035"
"07-05-2025 04:00","1751688008","","","0.013","","","","","","0.195","0.36","0.645","","0.43","0.29","0.125","0.043","0.0035"
"07-05-2025 05:00","1751691608","","","0.013","","","","","","0.195","0.36","0.655","","0.43","0.285","0.125","0.041","0.0035"
"07-05-2025 06:00","1751695208","","","0.0125","","","","","","0.195","0.36","0.65","","0.435","0.29","0.125","0.0435","0.0035"
"07-05-2025 07:00","1751698808","","","0.0125","","","","","","0.195","0.365","0.655","","0.43","0.285","0.125","0.0435","0.0035"
"07-05-2025 08:00","1751702408","","","0.0125","","","","","","0.195","0.365","0.655","","0.43","0.285","0.125","0.043","0.003"
"07-05-2025 09:00","1751706007","","","0.0125","","","","","","0.195","0.36","0.64","","0.435","0.29","0.125","0.0435","0.003"
"07-05-2025 10:00","1751709608","","","0.0125","","","","","","0.195","0.35","0.635","","0.435","0.285","0.135","0.044","0.003"
"07-05-2025 11:00","1751713207","","","0.0125","","","","","","0.195","0.35","0.635","","0.435","0.285","0.135","0.044","0.003"
"07-05-2025 12:00","1751716808","","","0.0125","","","","","","0.195","0.355","0.635","","0.435","0.285","0.135","0.044","0.003"
"07-05-2025 13:00","1751720408","","","0.0125","","","","","","0.19","0.35","0.63","","0.44","0.285","0.135","0.044","0.003"
"07-05-2025 14:00","1751724008","","","0.0125","","","","","","0.195","0.35","0.63","","0.44","0.29","0.13","0.0435","0.0025"
"07-05-2025 15:00","1751727607","","","0.0125","","","","","","0.195","0.35","0.635","","0.43","0.285","0.13","0.043","0.0025"
"07-05-2025 16:00","1751731207","","","0.0115","","","","","","0.19","0.345","0.62","","0.445","0.29","0.13","0.043","0.0025"
"07-05-2025 17:00","1751734807","","","0.0115","","","","","","0.185","0.34","0.61","","0.445","0.295","0.13","0.043","0.0025"
"07-05-2025 18:00","1751738407","","","0.0115","","","","","","0.185","0.335","0.61","","0.445","0.295","0.13","0.0415","0.0025"
"07-05-2025 19:00","1751742007","","","0.0115","","","","","","0.175","0.335","0.59","","0.46","0.305","0.135","0.0415","0.0025"
"07-05-2025 20:00","1751745608","","","0.0115","","","","","","0.175","0.35","0.61","","0.44","0.29","0.13","0.0405","0.0025"
"07-05-2025 21:00","1751749207","","","0.0115","","","","","","0.175","0.35","0.61","","0.44","0.29","0.13","0.0415","0.0025"
"07-05-2025 22:00","1751752808","","","0.0115","","","","","","0.185","0.345","0.635","","0.43","0.285","0.125","0.04","0.0025"
"07-05-2025 23:00","1751756408","","","0.0115","","","","","","0.185","0.345","0.64","","0.43","0.285","0.125","0.04","0.0035"
"07-06-2025 00:00","1751760007","","","0.0115","","","","","","0.185","0.35","0.64","","0.43","0.29","0.125","0.0395","0.0035"
"07-06-2025 01:00","1751763607","","","0.0105","","","","","","0.185","0.345","0.64","","0.425","0.285","0.125","0.0395","0.0045"
"07-06-2025 02:00","1751767208","","","0.0105","","","","","","0.185","0.345","0.64","","0.425","0.28","0.125","0.0395","0.004"
"07-06-2025 03:00","1751770808","","","0.0105","","","","","","0.18","0.345","0.63","","0.425","0.28","0.125","0.0395","0.009"
"07-06-2025 04:00","1751774407","","","0.0105","","","","","","0.175","0.34","0.63","","0.43","0.28","0.135","0.0395","0.004"
"07-06-2025 05:00","1751778007","","","0.0105","","","","","","0.175","0.34","0.63","","0.435","0.28","0.135","0.0395","0.0035"
"07-06-2025 06:00","1751781607","","","0.0105","","","","","","0.175","0.34","0.62","","0.435","0.28","0.135","0.0395","0.0035"
"07-06-2025 07:00","1751785206","","","0.0105","","","","","","0.175","0.345","0.64","","0.415","0.275","0.135","0.0395","0.0025"
"07-06-2025 08:00","1751788807","","","0.0105","","","","","","0.175","0.345","0.63","","0.415","0.275","0.13","0.0385","0.0025"
"07-06-2025 09:00","1751792408","","","0.01","","","","","","0.17","0.34","0.62","","0.425","0.28","0.13","0.0385","0.003"
"07-06-2025 10:00","1751796007","","","0.0095","","","","","","0.17","0.34","0.605","","0.435","0.28","0.13","0.0385","0.003"
"07-06-2025 11:00","1751799608","","","0.0095","","","","","","0.17","0.34","0.61","","0.435","0.28","0.13","0.0385","0.003"
"07-06-2025 12:00","1751803207","","","0.0095","","","","","","0.17","0.335","0.62","","0.43","0.28","0.13","0.0385","0.0035"
"07-06-2025 13:00","1751806807","","","0.0105","","","","","","0.17","0.34","0.63","","0.43","0.285","0.13","0.0385","0.003"
"07-06-2025 14:00","1751810408","","","0.0105","","","","","","0.205","0.4","0.71","","0.37","0.255","0.115","0.0375","0.003"
"07-06-2025 15:00","1751814006","","","0.01","","","","","","0.2","0.39","0.7","","0.37","0.26","0.11","0.0375","0.003"
"07-06-2025 16:00","1751817607","","","0.0095","","","","","","0.2","0.385","0.7","","0.375","0.25","0.11","0.0375","0.003"
"07-06-2025 17:00","1751821207","","","0.0095","","","","","","0.2","0.38","0.69","","0.38","0.245","0.095","0.0355","0.0025"
"07-06-2025 18:00","1751824808","","","0.0095","","","","","","0.2","0.375","0.68","","0.38","0.255","0.1","0.036","0.0025"
"07-06-2025 19:00","1751828407","","","0.0095","","","","","","0.185","0.345","0.65","","0.405","0.265","0.1","0.0355","0.0025"
"07-06-2025 20:00","1751832008","","","0.0095","","","","","","0.185","0.365","0.665","","0.39","0.265","0.1","0.0335","0.0025"
"07-06-2025 21:00","1751835608","","","0.0105","","","","","","0.195","0.38","0.675","","0.38","0.25","0.1","0.0335","0.0025"
"07-06-2025 22:00","1751839208","","","0.013","","","","","","0.235","0.435","0.76","","0.34","0.215","0.1","0.032","0.0025"
"07-06-2025 23:00","1751842807","","","0.013","","","","","","0.225","0.43","0.755","","0.34","0.225","0.09","0.0285","0.0025"
"07-07-2025 00:00","1751846407","","","0.0125","","","","","","0.22","0.41","0.725","","0.36","0.24","0.095","0.03","0.0025"
"07-07-2025 01:00","1751850007","","","0.012","","","","","","0.21","0.395","0.7","","0.37","0.23","0.1","0.0315","0.0025"
"07-07-2025 02:00","1751853606","","","0.0125","","","","","","0.21","0.395","0.705","","0.36","0.23","0.1","0.0305","0.0025"
"07-07-2025 03:00","1751857207","","","0.0115","","","","","","0.215","0.42","0.74","","0.34","0.22","0.09","0.031","0.0025"
"07-07-2025 04:00","1751860807","","","0.012","","","","","","0.22","0.42","0.74","","0.34","0.22","0.09","0.0295","0.0025"
"07-07-2025 05:00","1751864406","","","0.012","","","","","","0.22","0.415","0.74","","0.345","0.225","0.09","0.0295","0.0025"
"07-07-2025 06:00","1751868006","","","0.012","","","","","","0.22","0.41","0.73","","0.35","0.23","0.09","0.0295","0.0025"
"07-07-2025 07:00","1751871607","","","0.0125","","","","","","0.215","0.4","0.725","","0.36","0.23","0.09","0.029","0.0025"
"07-07-2025 08:00","1751875206","","","0.0125","","","","","","0.22","0.415","0.745","","0.34","0.22","0.085","0.0305","0.0025"
"07-07-2025 09:00","1751878806","","","0.0125","","","","","","0.225","0.43","0.76","","0.335","0.215","0.085","0.03","0.0025"
"07-07-2025 10:00","1751882407","","","0.0125","","","","","","0.22","0.41","0.735","","0.35","0.225","0.09","0.0295","0.0025"
"07-07-2025 11:00","1751886006","","","0.0125","","","","","","0.205","0.385","0.71","","0.36","0.235","0.09","0.0295","0.0025"
"07-07-2025 12:00","1751889607","","","0.012","","","","","","0.205","0.39","0.72","","0.36","0.23","0.09","0.032","0.0025"
"07-07-2025 13:00","1751893207","","","0.012","","","","","","0.195","0.37","0.685","","0.38","0.245","0.1","0.0325","0.0025"
"07-07-2025 14:00","1751896807","","","0.0125","","","","","","0.205","0.395","0.725","","0.355","0.23","0.095","0.029","0.0025"
"07-07-2025 15:00","1751900407","","","0.0125","","","","","","0.185","0.35","0.66","","0.4","0.255","0.1","0.033","0.0025"
"07-07-2025 16:00","1751904007","","","0.0125","","","","","","0.185","0.35","0.665","","0.4","0.255","0.1","0.0335","0.0025"
"07-07-2025 17:00","1751907607","","","0.012","","","","","","0.175","0.34","0.645","","0.41","0.27","0.11","0.036","0.004"
"07-07-2025 18:00","1751911207","","","0.0125","","","","","","0.18","0.345","0.66","","0.4","0.26","0.1","0.035","0.0045"
"07-07-2025 19:00","1751914807","","","0.0125","","","","","","0.185","0.36","0.675","","0.395","0.25","0.105","0.0335","0.004"
"07-07-2025 20:00","1751918407","","","0.0125","","","","","","0.19","0.36","0.68","","0.39","0.24","0.1","0.034","0.004"
"07-07-2025 21:00","1751922007","","","0.0125","","","","","","0.175","0.35","0.66","","0.4","0.245","0.105","0.035","0.004"
"07-07-2025 22:00","1751925608","","","0.0135","","","","","","0.175","0.355","0.67","","0.4","0.25","0.1","0.0345","0.004"
"07-07-2025 23:00","1751929206","","","0.012","","","","","","0.175","0.345","0.66","","0.4","0.25","0.1","0.0345","0.004"
"07-08-2025 00:00","1751932808","","","0.02","","","","","","0.175","0.355","0.67","","0.39","0.24","0.1","0.034","0.004"
"07-08-2025 01:00","1751936407","","","0.021","","","","","","0.185","0.355","0.67","","0.385","0.24","0.1","0.034","0.0035"
"07-08-2025 02:00","1751940007","","","0.0155","","","","","","0.165","0.34","0.64","","0.405","0.255","0.1","0.035","0.005"
"07-08-2025 03:00","1751943607","","","0.017","","","","","","0.165","0.335","0.635","","0.4","0.25","0.1","0.034","0.0045"
"07-08-2025 04:00","1751947208","","","0.017","","","","","","0.17","0.345","0.66","","0.395","0.24","0.1","0.034","0.004"
"07-08-2025 05:00","1751950808","","","0.022","","","","","","0.18","0.36","0.67","","0.38","0.23","0.095","0.032","0.0025"
"07-08-2025 06:00","1751954408","","","0.02","","","","","","0.18","0.365","0.685","","0.35","0.225","0.095","0.034","0.0025"
"07-08-2025 07:00","1751958007","","","0.0205","","","","","","0.195","0.38","0.705","","0.34","0.225","0.095","0.033","0.0025"
"07-08-2025 08:00","1751961607","","","0.0185","","","","","","0.185","0.37","0.685","","0.35","0.23","0.085","0.033","0.0025"
"07-08-2025 09:00","1751965207","","","0.018","","","","","","0.185","0.365","0.67","","0.36","0.23","0.09","0.032","0.0025"
"07-08-2025 10:00","1751968807","","","0.018","","","","","","0.185","0.37","0.68","","0.35","0.225","0.09","0.0325","0.003"
"07-08-2025 11:00","1751972407","","","0.0195","","","","","","0.19","0.37","0.71","","0.335","0.215","0.08","0.033","0.0035"
"07-08-2025 12:00","1751976007","","","0.0185","","","","","","0.2","0.4","0.735","","0.315","0.205","0.08","0.0325","0.0035"
"07-08-2025 13:00","1751979607","","","0.0185","","","","","","0.2","0.405","0.735","","0.31","0.205","0.08","0.0325","0.0035"
"07-08-2025 14:00","1751983208","","","0.0175","","","","","","0.22","0.41","0.755","","0.31","0.195","0.08","0.0325","0.0035"
"07-08-2025 15:00","1751986807","","","0.0165","","","","","","0.2","0.37","0.7","","0.335","0.21","0.08","0.0325","0.0035"
"07-08-2025 16:00","1751990407","","","0.017","","","","","","0.195","0.365","0.69","","0.33","0.21","0.08","0.0325","0.004"
"07-08-2025 17:00","1751994008","","","0.0175","","","","","","0.2","0.385","0.715","","0.32","0.21","0.075","0.03","0.005"
"07-08-2025 18:00","1751997607","","","0.0185","","","","","","0.24","0.455","0.805","","0.275","0.175","0.07","0.029","0.0055"
"07-08-2025 19:00","1752001208","","","0.0175","","","","","","0.245","0.455","0.81","","0.28","0.17","0.07","0.0295","0.0055"
"07-08-2025 20:00","1752004807","","","0.0175","","","","","","0.23","0.44","0.79","","0.29","0.18","0.07","0.03","0.005"
"07-08-2025 21:00","1752008407","","","0.018","","","","","","0.225","0.43","0.77","","0.295","0.18","0.07","0.0285","0.004"
"07-08-2025 22:00","1752012007","","","0.018","","","","","","0.23","0.44","0.79","","0.28","0.18","0.065","0.0285","0.004"
"07-08-2025 23:00","1752015607","","","0.013","","","","","","0.23","0.445","0.79","","0.29","0.175","0.065","0.0285","0.0035"
"07-09-2025 00:00","1752019207","","","0.0125","","","","","","0.24","0.45","0.795","","0.28","0.18","0.07","0.0285","0.004"
"07-09-2025 01:00","1752022808","","","0.0155","","","","","","0.24","0.445","0.795","","0.28","0.17","0.065","0.027","0.006"
"07-09-2025 02:00","1752026407","","","0.0145","","","","","","0.23","0.45","0.78","","0.285","0.18","0.065","0.0245","0.006"
"07-09-2025 03:00","1752030007","","","0.0115","","","","","","0.235","0.44","0.785","","0.285","0.18","0.065","0.0235","0.005"
"07-09-2025 04:00","1752033608","","","0.0075","","","","","","0.22","0.425","0.76","","0.285","0.18","0.075","0.0215","0.005"
"07-09-2025 05:00","1752037208","","","0.0095","","","","","","0.23","0.43","0.775","","0.285","0.18","0.075","0.0235","0.0035"
"07-09-2025 06:00","1752040808","","","0.0145","","","","","","0.26","0.485","0.85","","0.255","0.16","0.07","0.019","0.0025"
"07-09-2025 07:00","1752044408","","","0.015","","","","","","0.255","0.49","0.84","","0.26","0.16","0.065","0.0165","0.0065"
"07-09-2025 08:00","1752048008","","","0.0145","","","","","","0.245","0.48","0.835","","0.26","0.16","0.065","0.0145","0.005"
"07-09-2025 09:00","1752051607","","","0.0135","","","","","","0.23","0.46","0.805","","0.265","0.16","0.065","0.0105","0.0045"
"07-09-2025 10:00","1752055207","","","0.013","","","","","","0.225","0.455","0.805","","0.27","0.155","0.065","0.012","0.0045"
"07-09-2025 11:00","1752058808","","","0.013","","","","","","0.225","0.455","0.81","","0.26","0.15","0.065","0.0115","0.0045"
"07-09-2025 12:00","1752062408","","","0.013","","","","","","0.25","0.475","0.83","","0.25","0.15","0.065","0.012","0.0045"
"07-09-2025 13:00","1752066008","","","0.0125","","","","","","0.285","0.53","0.905","","0.225","0.13","0.065","0.0125","0.004"
"07-09-2025 14:00","1752069607","","","0.0135","","","","","","0.29","0.52","0.895","","0.225","0.135","0.065","0.012","0.0045"
"07-09-2025 15:00","1752073208","","","0.0125","","","","","","0.265","0.5","0.87","","0.24","0.14","0.065","0.017","0.004"
"07-09-2025 16:00","1752076809","","","0.013","","","","","","0.275","0.52","0.895","","0.23","0.13","0.065","0.014","0.004"
"07-09-2025 17:00","1752080408","","","0.0155","","","","","","0.29","0.535","0.92","","0.22","0.125","0.065","0.014","0.004"
"07-09-2025 18:00","1752084007","","","0.0135","","","","","","0.28","0.53","0.91","","0.22","0.13","0.065","0.013","0.004"
"07-09-2025 19:00","1752087608","","","0.015","","","","","","0.345","0.615","0.9995","","0.18","0.105","0.05","0.0115","0.0045"
"07-09-2025 20:00","1752091207","","","0.02","","","","","","0.415","0.72","0.9995","","0.165","0.1","0.045","0.0105","0.0045"
"07-09-2025 21:00","1752094808","","","0.0205","","","","","","0.38","0.665","0.9995","","0.185","0.11","0.0355","0.011","0.0045"
"07-09-2025 22:00","1752098408","","","0.0255","","","","","","0.395","0.685","","","0.175","0.105","0.0355","0.011","0.0045"
"07-09-2025 23:00","1752102008","","","0.029","","","","","","0.445","0.735","","","0.15","0.1","0.035","0.0125","0.0045"
"07-10-2025 00:00","1752105608","","","0.03","","","","","","0.425","0.72","","","0.155","0.09","0.036","0.012","0.0045"
"07-10-2025 01:00","1752109208","","","0.03","","","","","","0.405","0.71","","","0.165","0.085","0.0365","0.012","0.0045"
"07-10-2025 02:00","1752112808","","","0.03","","","","","","0.445","0.745","","","0.16","0.085","0.039","0.012","0.0045"
"07-10-2025 03:00","1752116408","","","0.031","","","","","","0.445","0.755","","","0.15","0.085","0.047","0.011","0.0035"
"07-10-2025 04:00","1752120009","","","0.0295","","","","","","0.445","0.75","","","0.155","0.085","0.041","0.0095","0.0035"
"07-10-2025 05:00","1752123608","","","0.031","","","","","","0.445","0.755","","","0.165","0.085","0.037","0.0105","0.0035"
"07-10-2025 06:00","1752127208","","","0.0295","","","","","","0.45","0.76","","","0.165","0.08","0.0325","0.008","0.0035"
"07-10-2025 07:00","1752130808","","","0.032","","","","","","0.465","0.79","","","0.145","0.075","0.031","0.0075","0.0035"
"07-10-2025 08:00","1752134407","","","0.031","","","","","","0.47","0.775","","","0.155","0.075","0.0305","0.006","0.0035"
"07-10-2025 09:00","1752138007","","","0.028","","","","","","0.46","0.78","","","0.145","0.075","0.0305","0.006","0.0035"
"07-10-2025 10:00","1752141608","","","0.0265","","","","","","0.43","0.755","","","0.155","0.075","0.0305","0.006","0.0035"
"07-10-2025 11:00","1752145208","","","0.026","","","","","","0.43","0.76","","","0.155","0.08","0.0305","0.0065","0.0035"
"07-10-2025 12:00","1752148808","","","0.029","","","","","","0.43","0.76","","","0.15","0.08","0.0295","0.0075","0.0035"
"07-10-2025 13:00","1752152407","","","0.028","","","","","","0.43","0.75","","","0.155","0.08","0.0305","0.008","0.004"
"07-10-2025 14:00","1752156008","","","0.0295","","","","","","0.44","0.76","","","0.15","0.08","0.0305","0.008","0.004"
"07-10-2025 15:00","1752159607","","","0.026","","","","","","0.43","0.745","","","0.15","0.08","0.0325","0.008","0.0035"
"07-10-2025 16:00","1752163207","","","0.027","","","","","","0.42","0.735","","","0.155","0.08","0.0325","0.008","0.0035"
"07-10-2025 17:00","1752166808","","","0.032","","","","","","0.48","0.82","","","0.135","0.075","0.0325","0.007","0.004"
"07-10-2025 18:00","1752170408","","","0.0355","","","","","","0.52","0.855","","","0.125","0.075","0.031","0.0065","0.004"
"07-10-2025 19:00","1752174008","","","0.0305","","","","","","0.475","0.825","","","0.14","0.08","0.0325","0.0065","0.004"
"07-10-2025 20:00","1752177609","","","0.0345","","","","","","0.49","0.835","","","0.14","0.08","0.0325","0.0065","0.004"
"07-10-2025 21:00","1752181208","","","0.0345","","","","","","0.485","0.825","","","0.13","0.07","0.032","0.0085","0.0045"
"07-10-2025 22:00","1752184807","","","0.0695","","","","","","0.725","0.9995","","","0.085","0.055","0.022","0.0065","0.0045"
"07-10-2025 23:00","1752188408","","","0.065","","","","","","0.75","0.9995","","","0.09","0.05","0.023","0.006","0.0045"
"07-11-2025 00:00","1752192008","","","0.0725","","","","","","0.715","","","","0.09","0.05","0.0225","0.007","0.0045"
"07-11-2025 01:00","1752195608","","","0.062","","","","","","0.685","","","","0.095","0.05","0.022","0.005","0.0045"
"07-11-2025 02:00","1752199208","","","0.074","","","","","","0.7","","","","0.09","0.055","0.022","0.005","0.0045"
"07-11-2025 03:00","1752202808","","","0.0725","","","","","","0.73","","","","0.09","0.05","0.0195","0.006","0.003"
"07-11-2025 04:00","1752206408","","","0.072","","","","","","0.74","","","","0.1","0.045","0.0195","0.0055","0.0035"
"07-11-2025 05:00","1752210008","","","0.079","","","","","","0.745","","","","0.095","0.045","0.0195","0.0065","0.0035"
"07-11-2025 06:00","1752213608","","","0.0915","","","","","","0.795","","","","0.095","0.04","0.0195","0.0075","0.0035"
"07-11-2025 07:00","1752217207","","","0.0915","","","","","","0.76","","","","0.07","0.04","0.0185","0.0085","0.0035"
"07-11-2025 08:00","1752220808","","","0.0775","","","","","","0.745","","","","0.08","0.05","0.02","0.0105","0.0035"
"07-11-2025 09:00","1752224409","","","0.0675","","","","","","0.795","","","","0.075","0.05","0.02","0.009","0.0035"
"07-11-2025 10:00","1752228008","","","0.079","","","","","","0.805","","","","0.075","0.045","0.02","0.009","0.0085"
"07-11-2025 11:00","1752231609","","","0.087","","","","","","0.795","","","","0.075","0.05","0.0205","0.0095","0.0035"
"07-11-2025 12:00","1752235209","","","0.087","","","","","","0.765","","","","0.075","0.05","0.0205","0.0095","0.0025"
"07-11-2025 13:00","1752238809","","","0.0845","","","","","","0.775","","","","0.075","0.05","0.019","0.0095","0.0025"
"07-11-2025 14:00","1752242408","","","0.0865","","","","","","0.8","","","","0.07","0.045","0.019","0.0095","0.0015"
"07-11-2025 15:00","1752246009","","","0.0705","","","0.14","","0.275","0.765","","","","0.07","0.045","0.0185","0.0095","0.0015"
"07-11-2025 16:00","1752249608","","","0.0585","","","0.175","","0.44","0.69","","","","0.075","0.055","0.0205","0.0095","0.0015"
"07-11-2025 17:00","1752253209","","","0.06","","","0.155","","0.49","0.74","","","","0.08","0.05","0.0225","0.0125","0.0015"
"07-11-2025 18:00","1752256808","","","0.0705","","","0.17","","0.51","0.79","","","","0.08","0.05","0.0225","0.0125","0.0015"
"07-11-2025 19:00","1752260408","","","0.065","","","0.18","","0.515","0.8","","","","0.075","0.045","0.023","0.0125","0.0015"
"07-11-2025 20:00","1752264009","","","0.059","","","0.19","","0.535","0.805","","","","0.075","0.05","0.0225","0.012","0.0015"
"07-11-2025 21:00","1752267608","","","0.0635","","","0.165","","0.49","0.755","","","","0.075","0.05","0.023","0.012","0.0015"
"07-11-2025 22:00","1752271208","","","0.0565","","","0.14","","0.475","0.74","","","","0.08","0.05","0.0235","0.0115","0.0015"
"07-11-2025 23:00","1752274808","","","0.0575","","","0.14","","0.45","0.71","","","","0.095","0.06","0.024","0.0115","0.0015"
"07-12-2025 00:00","1752278409","","","0.058","","","0.145","","0.46","0.72","","","","0.09","0.065","0.0245","0.0115","0.0015"
"07-12-2025 01:00","1752282008","","","0.0555","","","0.14","","0.45","0.71","","","","0.085","0.055","0.024","0.0115","0.0015"
"07-12-2025 02:00","1752285608","","","0.0555","","","0.14","","0.455","0.72","","","","0.09","0.055","0.0245","0.0115","0.002"
"07-12-2025 03:00","1752289208","","","0.055","","","0.14","","0.455","0.705","","","","0.095","0.055","0.024","0.0115","0.002"
"07-12-2025 04:00","1752292809","","","0.055","","","0.135","","0.46","0.715","","","","0.095","0.06","0.0235","0.0115","0.002"
"07-12-2025 05:00","1752296408","","","0.055","","","0.13","","0.435","0.695","","","","0.085","0.055","0.023","0.0115","0.002"
"07-12-2025 06:00","1752300008","","","0.055","","","0.13","","0.45","0.715","","","","0.085","0.055","0.022","0.0115","0.002"
"07-12-2025 07:00","1752303609","","","0.0545","","","0.14","","0.455","0.72","","","","0.085","0.055","0.0215","0.0115","0.002"
"07-12-2025 08:00","1752307208","","","0.051","","","0.145","","0.465","0.725","","","","0.085","0.055","0.0195","0.011","0.0025"
"07-12-2025 09:00","1752310809","","","0.051","","","0.145","","0.47","0.725","","","","0.085","0.055","0.02","0.011","0.0025"
"07-12-2025 10:00","1752314408","","","0.0545","","","0.14","","0.48","0.735","","","","0.085","0.055","0.0195","0.011","0.0025"
"07-12-2025 11:00","1752318007","","","0.057","","","0.14","","0.48","0.745","","","","0.08","0.055","0.0205","0.011","0.0025"
"07-12-2025 12:00","1752321608","","","0.056","","","0.135","","0.46","0.72","","","","0.08","0.055","0.019","0.0105","0.0025"
"07-12-2025 13:00","1752325208","","","0.0545","","","0.13","","0.43","0.685","","","","0.08","0.055","0.021","0.01","0.0025"
"07-12-2025 14:00","1752328809","","","0.056","","","0.13","","0.435","0.67","","","","0.09","0.055","0.021","0.01","0.0025"
"07-12-2025 15:00","1752332407","","","0.0515","","","0.13","","0.42","0.65","","","","0.085","0.055","0.02","0.01","0.0025"
"07-12-2025 16:00","1752336009","","","0.041","","","0.13","","0.395","0.635","","","","0.09","0.055","0.021","0.0075","0.0025"
"07-12-2025 17:00","1752339608","","","0.032","","","0.13","","0.42","0.64","","","","0.085","0.055","0.0215","0.007","0.0025"
"07-12-2025 18:00","1752343208","","","0.048","","","0.135","","0.435","0.675","","","","0.08","0.055","0.0215","0.007","0.0025"
"07-12-2025 19:00","1752346808","","","0.0485","","","0.135","","0.44","0.675","","","","0.085","0.055","0.0245","0.007","0.0025"
"07-12-2025 20:00","1752350407","","","0.0495","","","0.145","","0.435","0.67","","","","0.085","0.055","0.0245","0.007","0.0025"
"07-12-2025 21:00","1752354008","","","0.0335","","","0.145","","0.415","0.65","","","","0.09","0.055","0.0245","0.007","0.0025"
"07-12-2025 22:00","1752357608","","","0.0375","","","0.145","","0.44","0.665","","","","0.085","0.055","0.0245","0.007","0.0025"
"07-12-2025 23:00","1752361208","","","0.0375","","","0.145","","0.44","0.67","","","","0.085","0.05","0.0245","0.007","0.0025"
"07-13-2025 00:00","1752364808","","","0.0445","","","0.16","","0.45","0.68","","","","0.085","0.055","0.025","0.007","0.0025"
"07-13-2025 01:00","1752368408","","","0.04","","","0.15","","0.445","0.68","","","","0.08","0.055","0.0245","0.007","0.0025"
"07-13-2025 02:00","1752372008","","","0.0505","","","0.155","","0.45","0.685","","","","0.08","0.05","0.0245","0.007","0.003"
"07-13-2025 03:00","1752375608","","","0.046","","","0.155","","0.455","0.7","","","","0.08","0.05","0.0245","0.007","0.003"
"07-13-2025 04:00","1752379208","","","0.049","","","0.155","","0.445","0.685","","","","0.08","0.05","0.0245","0.007","0.003"
"07-13-2025 05:00","1752382808","","","0.051","","","0.165","","0.455","0.705","","","","0.08","0.05","0.0245","0.007","0.003"
"07-13-2025 06:00","1752386407","","","0.0495","","","0.165","","0.44","0.705","","","","0.085","0.05","0.025","0.007","0.003"
"07-13-2025 07:00","1752390008","","","0.0565","","","0.175","","0.465","0.715","","","","0.085","0.05","0.025","0.007","0.0025"
"07-13-2025 08:00","1752393608","","","0.0535","","","0.17","","0.46","0.715","","","","0.085","0.05","0.026","0.0065","0.0025"
"07-13-2025 09:00","1752397208","","","0.0595","","","0.165","","0.455","0.705","","","","0.085","0.05","0.026","0.0095","0.003"
"07-13-2025 10:00","1752400808","","","0.059","","","0.16","","0.445","0.695","","","","0.085","0.05","0.026","0.009","0.003"
"07-13-2025 11:00","1752404408","","","0.0575","","","0.16","","0.44","0.69","","","","0.085","0.055","0.0245","0.009","0.003"
"07-13-2025 12:00","1752408007","","","0.064","","","0.165","","0.465","0.715","","","","0.08","0.05","0.0245","0.009","0.003"
"07-13-2025 13:00","1752411608","","","0.065","","","0.175","","0.495","0.76","","","","0.07","0.055","0.0245","0.0085","0.003"
"07-13-2025 14:00","1752415207","","","0.0665","","","0.185","","0.505","0.77","","","","0.07","0.055","0.025","0.0085","0.003"
"07-13-2025 15:00","1752418808","","","0.0665","","","0.19","","0.485","0.765","","","","0.07","0.055","0.025","0.009","0.003"
"07-13-2025 16:00","1752422408","","","0.0665","","","0.175","","0.505","0.785","","","","0.075","0.055","0.025","0.007","0.0055"
"07-13-2025 17:00","1752426008","","","0.066","","","0.16","","0.48","0.75","","","","0.065","0.055","0.024","0.009","0.0055"
"07-13-2025 18:00","1752429608","","","0.0605","","","0.17","","0.505","0.775","","","","0.06","0.055","0.0245","0.0085","0.005"
"07-13-2025 19:00","1752433208","","","0.0635","","","0.18","","0.525","0.78","","","","0.06","0.055","0.024","0.0085","0.0045"
"07-13-2025 20:00","1752436808","","","0.0655","","","0.165","","0.51","0.775","","","","0.06","0.055","0.024","0.0085","0.004"
"07-13-2025 21:00","1752440408","","","0.0695","","","0.17","","0.51","0.77","","","","0.06","0.05","0.0225","0.008","0.004"
"07-13-2025 22:00","1752444006","","","0.064","","","0.16","","0.465","0.72","","","","0.06","0.05","0.0225","0.0085","0.005"
"07-13-2025 23:00","1752447606","","","0.065","","","0.16","","0.455","0.71","","","","0.065","0.05","0.022","0.008","0.005"
"07-14-2025 00:00","1752451207","","","0.072","","","0.155","","0.465","0.735","","","","0.065","0.05","0.0225","0.009","0.005"
"07-14-2025 01:00","1752454807","","","0.0695","","","0.15","","0.48","0.745","","","","0.06","0.045","0.0205","0.008","0.005"
"07-14-2025 02:00","1752458407","","","0.0675","","","0.145","","0.465","0.74","","","","0.065","0.045","0.021","0.008","0.0045"
"07-14-2025 03:00","1752462007","","","0.0685","","","0.15","","0.495","0.785","","","","0.06","0.035","0.0195","0.008","0.004"
"07-14-2025 04:00","1752465608","","","0.0815","","","0.185","","0.55","0.835","","","","0.05","0.03","0.0225","0.008","0.004"
"07-14-2025 05:00","1752469207","","","0.098","","","0.205","","0.585","0.88","","","","0.045","0.029","0.0215","0.007","0.004"
"07-14-2025 06:00","1752472807","","","0.092","","","0.2","","0.57","0.865","","","","0.05","0.0325","0.0165","0.006","0.0035"
"07-14-2025 07:00","1752476406","","","0.086","","","0.195","","0.535","0.83","","","","0.05","0.035","0.0165","0.007","0.0035"
"07-14-2025 08:00","1752480007","","","0.0765","","","0.195","","0.55","0.88","","","","0.05","0.0295","0.016","0.011","0.0025"
"07-14-2025 09:00","1752483607","","","0.079","","","0.195","","0.54","0.855","","","","0.05","0.03","0.0155","0.0105","0.005"
"07-14-2025 10:00","1752487207","","","0.0805","","","0.2","","0.565","0.88","","","","0.05","0.029","0.0155","0.0105","0.005"
"07-14-2025 11:00","1752490807","","","0.0765","","","0.21","","0.605","0.92","","","","0.05","0.031","0.0165","0.0105","0.005"
"07-14-2025 12:00","1752494407","","","0.078","","","0.2","","0.585","0.895","","","","0.045","0.0315","0.0165","0.0105","0.0045"
"07-14-2025 13:00","1752498007","","","0.0765","","","0.185","","0.555","0.885","","","","0.045","0.03","0.0165","0.0105","0.0045"
"07-14-2025 14:00","1752501608","","","0.0855","","","0.19","","0.565","0.89","","","","0.045","0.03","0.017","0.0105","0.0045"
"07-14-2025 15:00","1752505207","","","0.0715","","","0.18","","0.535","0.86","","","","0.05","0.0335","0.017","0.0105","0.0045"
"07-14-2025 16:00","1752508807","","","0.047","","","0.165","","0.515","0.825","","","","0.055","0.039","0.0185","0.0105","0.0045"
"07-14-2025 17:00","1752512407","","","0.0585","","","0.185","","0.545","0.845","","","","0.055","0.0345","0.018","0.0095","0.0045"
"07-14-2025 18:00","1752516007","","","0.0615","","","0.16","","0.51","0.82","","","","0.06","0.0355","0.0185","0.0095","0.0045"
"07-14-2025 19:00","1752519607","","","0.05","","","0.15","","0.475","0.78","","","","0.06","0.0415","0.0185","0.0095","0.004"
"07-14-2025 20:00","1752523207","","","0.04","","","0.15","","0.49","0.795","","","","0.055","0.04","0.018","0.0095","0.004"
"07-14-2025 21:00","1752526807","","","0.046","","","0.15","","0.485","0.805","","","","0.065","0.04","0.0185","0.0095","0.004"
"07-14-2025 22:00","1752530407","","","0.0655","","","0.145","","0.525","0.825","","","","0.065","0.0395","0.0185","0.0095","0.004"
"07-14-2025 23:00","1752534007","","","0.062","","","0.165","","0.54","0.835","","","","0.065","0.039","0.018","0.0085","0.004"
"07-15-2025 00:00","1752537608","","","0.0585","","","0.15","","0.515","0.825","","","","0.065","0.0375","0.0175","0.0095","0.004"
"07-15-2025 01:00","1752541207","","","0.058","","","0.135","","0.49","0.775","","","","0.065","0.039","0.0175","0.0095","0.004"
"07-15-2025 02:00","1752544807","","","0.0575","","","0.125","","0.465","0.735","","","","0.065","0.046","0.019","0.0095","0.004"
"07-15-2025 03:00","1752548407","","","0.053","","","0.13","","0.47","0.735","","","","0.065","0.044","0.0185","0.009","0.0035"
"07-15-2025 04:00","1752552007","","","0.0535","","","0.13","","0.44","0.69","","","","0.075","0.046","0.02","0.009","0.0035"
"07-15-2025 05:00","1752555608","","","0.056","","","0.135","","0.465","0.725","","","","0.07","0.0355","0.018","0.0085","0.0035"
"07-15-2025 06:00","1752559208","","","0.0575","","","0.135","","0.465","0.73","","","","0.07","0.04","0.0185","0.0085","0.0035"
"07-15-2025 07:00","1752562808","","","0.058","","","0.13","","0.48","0.755","","","","0.065","0.0395","0.018","0.009","0.0035"
"07-15-2025 08:00","1752566407","","","0.059","","","0.135","","0.47","0.74","","","","0.07","0.038","0.018","0.007","0.0035"
"07-15-2025 09:00","1752570007","","","0.052","","","0.135","","0.46","0.725","","","","0.065","0.0375","0.018","0.007","0.0035"
"07-15-2025 10:00","1752573606","","","0.0495","","","0.135","","0.45","0.73","","","","0.065","0.037","0.018","0.0085","0.0035"
"07-15-2025 11:00","1752577208","","","0.045","","","0.13","","0.45","0.725","","","","0.065","0.037","0.018","0.008","0.003"
"07-15-2025 12:00","1752580808","","","0.045","","","0.135","","0.445","0.745","","","","0.065","0.037","0.018","0.008","0.003"
"07-15-2025 13:00","1752584407","","","0.0505","","","0.145","","0.48","0.775","","","","0.06","0.037","0.018","0.008","0.003"
"07-15-2025 14:00","1752588008","","","0.075","","","0.18","","0.565","0.885","","","","0.05","0.0265","0.017","0.008","0.003"
"07-15-2025 15:00","1752591607","","","0.054","","","0.14","","0.45","0.72","","","","0.06","0.037","0.017","0.009","0.003"
"07-15-2025 16:00","1752595207","","","0.0835","","","0.17","","0.55","0.86","","","","0.05","0.032","0.0165","0.008","0.0025"
"07-15-2025 17:00","1752598808","","","0.0775","","","0.195","","0.575","0.865","","","","0.045","0.033","0.017","0.0085","0.0025"
"07-15-2025 18:00","1752602408","","","0.0805","","","0.225","","0.645","0.97","","","","0.045","0.027","0.015","0.007","0.0025"
"07-15-2025 19:00","1752606007","","","0.077","","","0.195","","0.605","0.9155","","","","0.045","0.0275","0.015","0.0065","0.0025"
"07-15-2025 20:00","1752609608","","","0.0755","","","0.18","","0.555","0.852","","","","0.045","0.0275","0.0155","0.0075","0.0025"
"07-15-2025 21:00","1752613208","","","0.0755","","","0.18","","0.545","0.85","","","","0.045","0.026","0.0155","0.0075","0.0025"
"07-15-2025 22:00","1752616808","","","0.0765","","","0.215","","0.605","0.9315","","","","0.034","0.026","0.0155","0.008","0.0025"
"07-15-2025 23:00","1752620408","","","0.0795","","","0.215","","0.63","0.962","","","","0.0345","0.0255","0.0155","0.0075","0.0025"
"07-16-2025 00:00","1752624008","","","0.112","","","0.265","","0.705","0.9995","","","","0.0305","0.0225","0.0105","0.0065","0.0025"
"07-16-2025 01:00","1752627608","","","0.116","","","0.275","","0.72","0.9995","","","","0.031","0.023","0.012","0.0065","0.0025"
"07-16-2025 02:00","1752631208","","","0.105","","","0.26","","0.73","","","","","0.0285","0.0245","0.011","0.0055","0.0025"
"07-16-2025 03:00","1752634808","","","0.0895","","","0.23","","0.665","","","","","0.0275","0.025","0.01","0.007","0.0025"
"07-16-2025 04:00","1752638408","","","0.09","","","0.23","","0.665","","","","","0.021","0.0185","0.0075","0.0065","0.0025"
"07-16-2025 05:00","1752642008","","","0.087","","","0.21","","0.68","","","","","0.024","0.019","0.009","0.0065","0.0025"
"07-16-2025 06:00","1752645607","","","0.091","","","0.225","","0.7","","","","","0.026","0.0185","0.0085","0.0065","0.0025"
"07-16-2025 07:00","1752649208","","","0.0945","","","0.275","","0.735","","","","","0.026","0.019","0.0095","0.006","0.0025"
"07-16-2025 08:00","1752652808","","","0.0925","","","0.27","","0.755","","","","","0.028","0.019","0.0115","0.006","0.0025"
"07-16-2025 09:00","1752656408","","","0.0965","","","0.27","","0.75","","","","","0.026","0.019","0.0115","0.006","0.0025"
"07-16-2025 10:00","1752660008","","","0.0965","","","0.265","","0.735","","","","","0.0255","0.019","0.0115","0.006","0.0025"
"07-16-2025 11:00","1752663607","","","0.0925","","","0.255","","0.72","","","","","0.025","0.019","0.0115","0.006","0.0025"
"07-16-2025 12:00","1752667208","","","0.098","","","0.255","","0.735","","","","","0.0275","0.0185","0.0115","0.0055","0.0025"
"07-16-2025 13:00","1752670809","","","0.106","","","0.26","","0.765","","","","","0.0245","0.0175","0.011","0.0065","0.0025"
"07-16-2025 14:00","1752674407","","","0.116","","","0.265","","0.795","","","","","0.0245","0.0175","0.011","0.0065","0.0025"
"07-16-2025 15:00","1752678007","","","0.171","","","0.35","","0.91","","","","","0.022","0.0185","0.01","0.007","0.0025"
"07-16-2025 16:00","1752681608","","","0.1565","","","0.33","","0.895","","","","","0.0245","0.018","0.009","0.0055","0.0025"
"07-16-2025 17:00","1752685208","","","0.1775","","","0.385","","0.96","","","","","0.0255","0.015","0.008","0.006","0.0025"
"07-16-2025 18:00","1752688807","","","0.2005","","","0.405","","0.9995","","","","","0.0255","0.0165","0.007","0.006","0.0025"
"07-16-2025 19:00","1752692408","","","0.2185","","","0.445","","0.9995","","","","","0.0205","0.014","0.007","0.006","0.0025"
"07-16-2025 20:00","1752696008","","","0.238","","","0.48","","","","","","","0.02","0.014","0.007","0.006","0.0025"
"07-16-2025 21:00","1752699608","","","0.235","","","0.495","","","","","","","0.018","0.013","0.007","0.006","0.0025"
"07-16-2025 22:00","1752703208","","","0.2385","","","0.475","","","","","","","0.0165","0.014","0.007","0.006","0.0025"
"07-16-2025 23:00","1752706807","","","0.2105","","","0.445","","","","","","","0.0175","0.014","0.007","0.006","0.0025"
"07-17-2025 00:00","1752710408","","","0.203","","","0.45","0.52","","","","","","0.017","0.013","0.007","0.006","0.0025"
"07-17-2025 01:00","1752714008","","","0.219","","","0.475","0.52","","","","","","0.015","0.0135","0.007","0.005","0.0025"
"07-17-2025 02:00","1752717608","","","0.1785","","","0.415","0.66","","","","","","0.0155","0.0145","0.007","0.005","0.0025"
"07-17-2025 03:00","1752721208","","","0.1865","","","0.425","0.72","","","","","","0.018","0.014","0.007","0.004","0.0025"
"07-17-2025 04:00","1752724808","","","0.1675","","","0.395","0.68","","","","","","0.0175","0.014","0.007","0.005","0.0025"
"07-17-2025 05:00","1752728408","","","0.1745","","","0.415","0.725","","","","","","0.0195","0.0145","0.007","0.005","0.0025"
"07-17-2025 06:00","1752732008","","","0.1855","","","0.455","0.75","","","","","","0.02","0.0135","0.006","0.0045","0.0025"
"07-17-2025 07:00","1752735608","","","0.2455","","","0.565","0.89","","","","","","0.019","0.0135","0.006","0.005","0.0025"
"07-17-2025 08:00","1752739208","","","0.2385","","","0.585","0.92","","","","","","0.0185","0.0135","0.006","0.0055","0.0025"
"07-17-2025 09:00","1752742808","","","0.236","","","0.585","0.925","","","","","","0.0185","0.0145","0.006","0.0055","0.0025"
"07-17-2025 10:00","1752746408","","","0.271","","","0.625","0.967","","","","","","0.0175","0.014","0.006","0.0045","0.0025"
"07-17-2025 11:00","1752750008","","","0.263","","","0.585","0.9515","","","","","","0.0175","0.013","0.0055","0.0045","0.0025"
"07-17-2025 12:00","1752753607","","","0.247","","","0.555","0.9055","","","","","","0.017","0.013","0.0055","0.0045","0.0025"
"07-17-2025 13:00","1752757208","","","0.2395","","","0.545","0.903","","","","","","0.013","0.013","0.0055","0.0045","0.0025"
"07-17-2025 14:00","1752760807","","","0.2105","","","0.515","0.8285","","","","","","0.014","0.012","0.0055","0.0045","0.0025"
"07-17-2025 15:00","1752764409","","","0.217","","","0.54","0.871","","","","","","0.014","0.0125","0.0055","0.0045","0.0025"
"07-17-2025 16:00","1752768008","","","0.1975","","","0.535","0.8525","","","","","","0.0145","0.0125","0.0055","0.0045","0.0025"
"07-17-2025 17:00","1752771608","","","0.1615","","","0.48","0.809","","","","","","0.013","0.0115","0.0055","0.0045","0.0025"
"07-17-2025 18:00","1752775208","","","0.2045","","","0.52","0.835","","","","","","0.013","0.0115","0.0055","0.0045","0.0025"
"07-17-2025 19:00","1752778808","","","0.207","","","0.535","0.8625","","","","","","0.0125","0.0115","0.0055","0.0045","0.0025"
"07-17-2025 20:00","1752782408","","","0.2085","","","0.515","0.837","","","","","","0.0145","0.012","0.0055","0.0045","0.0025"
"07-17-2025 21:00","1752786007","","","0.2045","","","0.515","0.8365","","","","","","0.008","0.008","0.0055","0.0045","0.0015"
"07-17-2025 22:00","1752789608","","","0.225","","","0.61","0.9995","","","","","","0.0075","0.0085","0.005","0.0045","0.0015"
"07-17-2025 23:00","1752793209","","","0.224","","","0.595","0.9995","","","","","","0.008","0.007","0.0055","0.0045","0.0015"
"07-18-2025 00:00","1752796808","","","0.239","","","0.61","","","","","","","0.0085","0.007","0.0055","0.0045","0.0015"
"07-18-2025 01:00","1752800408","","","0.2935","","","0.695","","","","","","","0.0085","0.0075","0.0055","0.0045","0.0015"
"07-18-2025 02:00","1752804008","","","0.414","","","0.84","","","","","","","0.0085","0.008","0.0055","0.0045","0.0015"
"07-18-2025 03:00","1752807608","","","0.386","","","0.81","","","","","","","0.0075","0.008","0.005","0.0045","0.0015"
"07-18-2025 04:00","1752811207","","","0.4015","","","0.785","","","","","","","0.0075","0.008","0.005","0.0045","0.0015"
"07-18-2025 05:00","1752814808","","","0.3785","","","0.825","","","","","","","0.008","0.0075","0.005","0.0045","0.0015"
"07-18-2025 06:00","1752818407","","","0.42","","","0.94","","","","","","","0.0075","0.0065","0.005","0.0045","0.0015"
"07-18-2025 07:00","1752822007","","","0.412","","","0.9","","","","","","","0.0075","0.0065","0.005","0.0035","0.0015"
"07-18-2025 08:00","1752825607","","","0.3365","","","0.83","","","","","","","0.008","0.006","0.005","0.0035","0.0015"
"07-18-2025 09:00","1752829209","","","0.3435","","","0.81","","","","","","","0.0095","0.007","0.005","0.0035","0.0015"
"07-18-2025 10:00","1752832808","","0.09","0.352","","0.535","0.835","","","","","","","0.0115","0.0065","0.005","0.0035","0.0015"
"07-18-2025 11:00","1752836408","","0.2","0.326","","0.63","0.83","","","","","","","0.0115","0.0075","0.005","0.0035","0.0015"
"07-18-2025 12:00","1752840008","","0.2","0.344","","0.635","0.82","","","","","","","0.0115","0.0085","0.0055","0.0035","0.0015"
"07-18-2025 13:00","1752843608","","0.21","0.38","","0.735","0.865","","","","","","","0.01","0.007","0.006","0.0035","0.0015"
"07-18-2025 14:00","1752847208","","0.215","0.403","","0.735","0.895","","","","","","","0.0095","0.0065","0.006","0.0035","0.0015"
"07-18-2025 15:00","1752850808","","0.17","0.2955","","0.62","0.785","","","","","","","0.014","0.008","0.0075","0.0045","0.0015"
"07-18-2025 16:00","1752854408","","0.16","0.2885","","0.585","0.74","","","","","","","0.014","0.0075","0.0065","0.0045","0.0015"
"07-18-2025 17:00","1752858009","","0.2","0.2895","","0.605","0.76","","","","","","","0.014","0.0075","0.007","0.004","0.0015"
"07-18-2025 18:00","1752861608","","0.215","0.329","","0.645","0.81","","","","","","","0.0125","0.0075","0.0075","0.004","0.0015"
"07-18-2025 19:00","1752865208","","0.21","0.2995","","0.61","0.75","","","","","","","0.01","0.0075","0.0065","0.004","0.0015"
"07-18-2025 20:00","1752868808","","0.19","0.2775","","0.565","0.715","","","","","","","0.0105","0.0075","0.0065","0.004","0.0015"
"07-18-2025 21:00","1752872409","","0.17","0.2585","","0.53","0.68","","","","","","","0.008","0.0075","0.0065","0.004","0.0015"
"07-18-2025 22:00","1752876009","","0.185","0.2805","","0.58","0.735","","","","","","","0.0085","0.0055","0.0055","0.004","0.0015"
"07-18-2025 23:00","1752879609","","0.17","0.27","","0.55","0.715","","","","","","","0.0085","0.006","0.0055","0.004","0.0015"
"07-19-2025 00:00","1752883209","","0.17","0.287","","0.56","0.73","","","","","","","0.0075","0.006","0.0055","0.004","0.0015"
"07-19-2025 01:00","1752886807","","0.16","0.266","","0.54","0.695","","","","","","","0.0075","0.0055","0.0055","0.004","0.0015"
"07-19-2025 02:00","1752890408","","0.175","0.2825","","0.56","0.725","","","","","","","0.008","0.005","0.006","0.004","0.002"
"07-19-2025 03:00","1752894008","","0.18","0.309","","0.595","0.765","","","","","","","0.0085","0.005","0.007","0.004","0.002"
"07-19-2025 04:00","1752897607","","0.2","0.334","","0.63","0.81","","","","","","","0.0085","0.006","0.0065","0.0035","0.002"
"07-19-2025 05:00","1752901208","","0.195","0.3275","","0.63","0.795","","","","","","","0.0085","0.006","0.0065","0.004","0.002"
"07-19-2025 06:00","1752904808","","0.19","0.322","","0.625","0.795","","","","","","","0.0085","0.006","0.0065","0.004","0.002"
"07-19-2025 07:00","1752908407","","0.18","0.316","","0.6","0.78","","","","","","","0.0085","0.0065","0.0065","0.004","0.0015"
"07-19-2025 08:00","1752912008","","0.18","0.299","","0.59","0.765","","","","","","","0.0085","0.006","0.007","0.0035","0.0015"
"07-19-2025 09:00","1752915609","","0.175","0.2795","","0.57","0.745","","","","","","","0.0085","0.006","0.007","0.0035","0.0035"
"07-19-2025 10:00","1752919208","","0.16","0.2785","","0.58","0.755","","","","","","","0.0085","0.0065","0.007","0.0035","0.0035"
"07-19-2025 11:00","1752922808","","0.16","0.275","","0.58","0.75","","","","","","","0.0085","0.0065","0.007","0.0035","0.004"
"07-19-2025 12:00","1752926408","","0.155","0.2715","","0.57","0.735","","","","","","","0.009","0.0065","0.007","0.004","0.003"
"07-19-2025 13:00","1752930009","","0.155","0.286","","0.575","0.755","","","","","","","0.009","0.0065","0.007","0.004","0.0065"
"07-19-2025 14:00","1752933608","","0.155","0.2775","","0.57","0.74","","","","","","","0.009","0.0065","0.0075","0.0045","0.004"
"07-19-2025 15:00","1752937208","","0.155","0.2675","","0.525","0.705","","","","","","","0.009","0.0065","0.008","0.0045","0.002"
"07-19-2025 16:00","1752940808","","0.16","0.2855","","0.57","0.73","","","","","","","0.0105","0.009","0.008","0.004","0.002"
"07-19-2025 17:00","1752944408","","0.165","0.301","","0.575","0.73","","","","","","","0.011","0.01","0.008","0.0045","0.002"
"07-19-2025 18:00","1752948007","","0.165","0.283","","0.55","0.7","","","","","","","0.011","0.01","0.008","0.0045","0.002"
"07-19-2025 19:00","1752951608","","0.165","0.279","","0.555","0.725","","","","","","","0.0125","0.01","0.008","0.0045","0.002"
"07-19-2025 20:00","1752955209","","0.175","0.315","","0.595","0.77","","","","","","","0.0115","0.011","0.008","0.0045","0.002"
"07-19-2025 21:00","1752958808","","0.17","0.3095","","0.595","0.75","","","","","","","0.0115","0.0105","0.008","0.0045","0.002"
"07-19-2025 22:00","1752962408","","0.17","0.3085","","0.6","0.75","","","","","","","0.0115","0.01","0.008","0.0045","0.002"
"07-19-2025 23:00","1752966008","","0.18","0.31","","0.61","0.77","","","","","","","0.01","0.01","0.008","0.0045","0.002"
"07-20-2025 00:00","1752969608","","0.18","0.3255","","0.635","0.795","","","","","","","0.011","0.01","0.008","0.0045","0.002"
"07-20-2025 01:00","1752973208","","0.18","0.314","","0.625","0.795","","","","","","","0.0095","0.01","0.008","0.0045","0.002"
"07-20-2025 02:00","1752976808","","0.195","0.3395","","0.66","0.815","","","","","","","0.0095","0.0095","0.008","0.0045","0.002"
"07-20-2025 03:00","1752980409","","0.205","0.3445","","0.675","0.825","","","","","","","0.0095","0.008","0.008","0.0045","0.002"
"07-20-2025 04:00","1752984008","","0.245","0.407","","0.765","0.935","","","","","","","0.009","0.008","0.0065","0.0045","0.002"
"07-20-2025 05:00","1752987608","","0.25","0.394","","0.745","0.92","","","","","","","0.008","0.008","0.0065","0.0045","0.002"
"07-20-2025 06:00","1752991208","","0.235","0.3815","","0.72","0.885","","","","","","","0.009","0.008","0.007","0.0045","0.002"
"07-20-2025 07:00","1752994807","","0.245","0.3985","","0.74","0.91","","","","","","","0.009","0.0085","0.0075","0.0045","0.002"
"07-20-2025 08:00","1752998408","","0.27","0.4195","","0.765","0.94","","","","","","","0.0085","0.008","0.007","0.0045","0.002"
"07-20-2025 09:00","1753002008","","0.295","0.463","","0.84","0.9995","","","","","","","0.009","0.0075","0.006","0.004","0.002"
"07-20-2025 10:00","1753005607","","0.305","0.475","","0.84","0.9995","","","","","","","0.01","0.006","0.006","0.0035","0.002"
"07-20-2025 11:00","1753009207","","0.285","0.4485","","0.82","","","","","","","","0.007","0.0065","0.006","0.0035","0.002"
"07-20-2025 12:00","1753012808","","0.355","0.534","","0.915","","","","","","","","0.0085","0.008","0.006","0.0035","0.002"
"07-20-2025 13:00","1753016408","","0.32","0.5455","","0.91","","","","","","","","0.0085","0.0075","0.0055","0.0035","0.002"
"07-20-2025 14:00","1753020007","0.175","0.325","0.5335","","0.92","","","","","","","","0.0095","0.007","0.0055","0.0035","0.002"
"07-20-2025 15:00","1753023608","0.13","0.335","0.536","","0.935","","","","","","","","0.0085","0.009","0.006","0.0035","0.002"
"07-20-2025 16:00","1753027207","0.165","0.365","0.5985","","0.9795","","","","","","","","0.0105","0.0085","0.006","0.0035","0.002"
"07-20-2025 17:00","1753030807","0.19","0.395","0.591","","0.9995","","","","","","","","0.009","0.009","0.0065","0.0035","0.002"
"07-20-2025 18:00","1753034408","0.155","0.325","0.519","","0.9995","","","","","","","","0.01","0.0085","0.0055","0.0035","0.002"
"07-20-2025 19:00","1753038008","0.15","0.325","0.543","","","","","","","","","","0.01","0.009","0.004","0.0035","0.0025"
"07-20-2025 20:00","1753041607","0.16","0.34","0.5615","","","","","","","","","","0.01","0.0075","0.0045","0.0035","0.002"
"07-20-2025 21:00","1753045207","0.14","0.325","0.517","","","","","","","","","","0.0105","0.0065","0.0045","0.0035","0.002"
"07-20-2025 22:00","1753048807","0.17","0.36","0.5365","","","","","","","","","","0.01","0.0065","0.004","0.0035","0.0025"
"07-20-2025 23:00","1753052407","0.145","0.325","0.5315","","","","","","","","","","0.01","0.0065","0.004","0.0035","0.003"
"07-21-2025 00:00","1753056007","0.14","0.34","0.5315","","","","","","","","","","0.01","0.0065","0.004","0.0035","0.003"
"07-21-2025 01:00","1753059607","0.135","0.315","0.4945","","","","","","","","","","0.0095","0.0055","0.0045","0.0035","0.003"
"07-21-2025 02:00","1753063208","0.11","0.285","0.477","","","","","","","","","","0.0095","0.0055","0.004","0.003","0.003"
"07-21-2025 03:00","1753066807","0.115","0.285","0.498","","","","","","","","","","0.0095","0.008","0.0045","0.003","0.003"
"07-21-2025 04:00","1753070408","0.125","0.32","0.538","","","","","","","","","","0.0095","0.0075","0.0045","0.003","0.0025"
"07-21-2025 05:00","1753074007","0.13","0.33","0.545","","","","","","","","","","0.009","0.0075","0.005","0.0025","0.0015"
"07-21-2025 06:00","1753077608","0.125","0.34","0.555","","","","","","","","","","0.009","0.007","0.006","0.0025","0.0025"
"07-21-2025 07:00","1753081207","0.14","0.34","0.5715","","","","","","","","","","0.009","0.0075","0.005","0.0025","0.002"
"07-21-2025 08:00","1753084807","0.135","0.33","0.5665","","","","","","","","","","0.009","0.0075","0.005","0.0025","0.002"
"07-21-2025 09:00","1753088408","0.13","0.32","0.559","","","","","","","","","","0.01","0.007","0.005","0.0025","0.0025"
"07-21-2025 10:00","1753092007","0.135","0.305","0.5165","","","","","","","","","","0.0085","0.008","0.005","0.0025","0.0025"
"07-21-2025 11:00","1753095608","0.14","0.385","0.5965","","","","","","","","","","0.0085","0.008","0.005","0.0025","0.0025"
"07-21-2025 12:00","1753099207","0.165","0.385","0.608","","","","","","","","","","0.009","0.0075","0.0045","0.0025","0.0025"
"07-21-2025 13:00","1753102809","0.17","0.385","0.6085","","","","","","","","","","0.009","0.007","0.0045","0.0025","0.0035"
"07-21-2025 14:00","1753106408","0.145","0.395","0.6115","","","","","","","","","","0.009","0.007","0.0045","0.004","0.003"
"07-21-2025 15:00","1753110007","0.165","0.415","0.667","","","","","","","","","","0.0085","0.007","0.0045","0.0035","0.0035"
"07-21-2025 16:00","1753113608","0.155","0.385","0.608","","","","","","","","","","0.0085","0.007","0.0045","0.0035","0.003"
"07-21-2025 17:00","1753117208","0.135","0.33","0.526","","","","","","","","","","0.0085","0.007","0.0045","0.0035","0.0025"
"07-21-2025 18:00","1753120808","0.125","0.315","0.516","","","","","","","","","","0.0085","0.007","0.0045","0.0035","0.003"
"07-21-2025 19:00","1753124408","0.115","0.295","0.4665","","","","","","","","","","0.0085","0.007","0.0045","0.0035","0.003"
"07-21-2025 20:00","1753128008","0.105","0.295","0.464","","","","","","","","","","0.0085","0.007","0.0045","0.0035","0.003"
"07-21-2025 21:00","1753131608","0.105","0.305","0.4925","","","","","","","","","","0.0085","0.0075","0.0045","0.004","0.0025"
"07-21-2025 22:00","1753135209","0.1","0.295","0.4925","","","","","","","","","","0.0085","0.0075","0.0045","0.004","0.003"
"07-21-2025 23:00","1753138808","0.105","0.305","0.4985","","","","","","","","","","0.0085","0.007","0.0045","0.004","0.0025"
"07-22-2025 00:00","1753142409","0.105","0.29","0.5055","","","","","","","","","","0.0085","0.007","0.0045","0.0045","0.0035"
"07-22-2025 01:00","1753146009","0.105","0.28","0.5045","","","","","","","","","","0.0085","0.007","0.0045","0.0045","0.0035"
"07-22-2025 02:00","1753149609","0.11","0.31","0.574","","","","","","","","","","0.009","0.007","0.0045","0.0045","0.0025"
"07-22-2025 03:00","1753153208","0.1","0.265","0.4785","","","","","","","","","","0.009","0.007","0.005","0.0035","0.0015"
"07-22-2025 04:00","1753156809","0.08","0.26","0.456","","","","","","","","","","0.009","0.007","0.005","0.0035","0.0015"
"07-22-2025 05:00","1753160408","0.07","0.195","0.3555","","","","","","","","","","0.0105","0.0075","0.005","0.0035","0.0015"
"07-22-2025 06:00","1753164008","0.08","0.215","0.3765","","","","","","","","","","0.0105","0.0075","0.005","0.0035","0.0015"
"07-22-2025 07:00","1753167609","0.08","0.22","0.383","","","","","","","","","","0.0105","0.008","0.004","0.0035","0.0015"
"07-22-2025 08:00","1753171208","0.07","0.21","0.363","","","","","","","","","","0.0095","0.008","0.004","0.0035","0.0015"
"07-22-2025 09:00","1753174808","0.055","0.185","0.3215","","","","","","","","","","0.011","0.0085","0.004","0.0035","0.0015"
"07-22-2025 10:00","1753178408","0.055","0.18","0.3215","","","","","","","","","","0.011","0.008","0.004","0.0035","0.002"
"07-22-2025 11:00","1753182009","0.055","0.21","0.3975","","","","","","","","","","0.011","0.008","0.004","0.0035","0.002"
"07-22-2025 12:00","1753185609","0.075","0.22","0.4195","","","","","","","","","","0.011","0.008","0.004","0.0035","0.002"
"07-22-2025 13:00","1753189210","0.075","0.21","0.4205","","","","","","","","","","0.0105","0.008","0.004","0.0035","0.002"
"07-22-2025 14:00","1753192810","0.055","0.17","0.3265","","","","","","","","","","0.0115","0.009","0.0045","0.0035","0.0025"
"07-22-2025 15:00","1753196408","0.065","0.21","0.392","","","","","","","","","","0.01","0.009","0.004","0.0035","0.0025"
"07-22-2025 16:00","1753200008","0.065","0.24","0.4165","","","","","","","","","","0.01","0.0085","0.004","0.0035","0.0025"
"07-22-2025 17:00","1753203610","0.07","0.23","0.411","","","","","","","","","","0.01","0.0085","0.004","0.003","0.0025"
"07-22-2025 18:00","1753207209","0.06","0.205","0.374","","","","","","","","","","0.01","0.0085","0.004","0.003","0.003"
"07-22-2025 19:00","1753210809","0.07","0.205","0.399","","","","","","","","","","0.01","0.009","0.004","0.003","0.003"
"07-22-2025 20:00","1753214409","0.06","0.175","0.3305","","","","","","","","","","0.01","0.009","0.004","0.003","0.0025"
"07-22-2025 21:00","1753218009","0.065","0.195","0.394","","","","","","","","","","0.01","0.009","0.004","0.003","0.0025"
"07-22-2025 22:00","1753221609","0.06","0.195","0.3835","","","","","","","","","","0.0095","0.009","0.004","0.0025","0.0015"
"07-22-2025 23:00","1753225209","0.07","0.2","0.407","","","","","","","","","","0.0095","0.009","0.004","0.0025","0.0015"
"07-23-2025 00:00","1753228809","0.075","0.255","0.445","","","","","","","","","","0.0095","0.009","0.004","0.0025","0.0015"
"07-23-2025 01:00","1753232409","0.065","0.23","0.431","","","","","","","","","","0.01","0.009","0.0035","0.0025","0.0015"
"07-23-2025 02:00","1753236009","0.075","0.23","0.4345","","","","","","","","","","0.01","0.0085","0.0035","0.0025","0.0015"
"07-23-2025 03:00","1753239608","0.065","0.24","0.446","","","","","","","","","","0.01","0.0085","0.0035","0.0025","0.0015"
"07-23-2025 04:00","1753243209","0.065","0.225","0.426","","","","","","","","","","0.01","0.0085","0.0035","0.0025","0.0015"
"07-23-2025 05:00","1753246803","0.065","0.225","0.4245","","","","","","","","","","0.01","0.008","0.0035","0.0025","0.0015"
"07-23-2025 05:00","1753246824","0.065","0.22","0.4245","","","","","","","","","","0.01","0.008","0.0035","0.0025","0.0015"
"07-23-2025 06:00","1753250408","0.065","0.205","0.384","","","","","","","","","","0.01","0.008","0.0035","0.0025","0.0015"
"07-23-2025 07:00","1753254008","0.06","0.175","0.3485","","","","","","","","","","0.01","0.0085","0.0035","0.0025","0.0015"
"07-23-2025 08:00","1753257609","0.055","0.155","0.321","","","","","","","","","","0.01","0.0105","0.0035","0.0025","0.0015"
"07-23-2025 09:00","1753261209","0.042","0.155","0.3295","","","","","","","","","","0.01","0.011","0.0035","0.0025","0.0015"
"07-23-2025 10:00","1753264809","0.0405","0.145","0.2825","","","","","","","","","","0.0105","0.011","0.0035","0.0025","0.0015"
"07-23-2025 11:00","1753268408","0.034","0.125","0.286","","","","","","","","","","0.0105","0.011","0.0035","0.0025","0.0015"
"07-23-2025 12:00","1753272009","0.0535","0.135","0.287","","","","","","","","","","0.0135","0.009","0.003","0.0025","0.0015"
"07-23-2025 13:00","1753275608","0.0535","0.12","0.27","","","","","","","","","","0.011","0.009","0.003","0.0025","0.0015"
"07-23-2025 14:00","1753279209","0.046","0.09","0.232","","","","","","","","","","0.011","0.0085","0.003","0.0025","0.0015"
"07-23-2025 15:00","1753282809","0.036","0.095","0.228","","","","","","","","","","0.0105","0.009","0.003","0.0025","0.0015"
"07-23-2025 16:00","1753286410","0.0355","0.095","0.2595","","","","","","","","","","0.0105","0.009","0.0025","0.0015","0.0005"
"07-23-2025 17:00","1753290009","0.0365","0.08","0.1935","","","","","","","","","","0.0105","0.009","0.003","0.0015","0.0005"
"07-23-2025 18:00","1753293609","0.037","0.09","0.206","","","","","","","","","","0.0105","0.009","0.003","0.0015","0.0005"
"07-23-2025 19:00","1753297208","0.0275","0.08","0.216","","","","","","","","","","0.01","0.009","0.003","0.0015","0.0005"
"07-23-2025 20:00","1753300809","0.026","0.08","0.2125","","","","","","","","","","0.01","0.009","0.0025","0.0015","0.0005"
"07-23-2025 21:00","1753304409","0.025","0.07","0.184","","","","","","","","","","0.009","0.009","0.0025","0.0015","0.0005"
"07-23-2025 22:00","1753308009","0.0235","0.08","0.21","","","","","","","","","","0.0095","0.009","0.0025","0.0015","0.0005"
"07-23-2025 23:00","1753311609","0.0305","0.105","0.2455","","","","","","","","","","0.0095","0.009","0.0025","0.0015","0.0005"
"07-24-2025 00:00","1753315209","0.035","0.11","0.2545","","","","","","","","","","0.009","0.009","0.0025","0.0015","0.0005"
"07-24-2025 01:00","1753318808","0.037","0.115","0.2715","","","","","","","","","","0.009","0.009","0.0025","0.0015","0.0005"
"07-24-2025 02:00","1753322409","0.0355","0.115","0.277","","","","","","","","","","0.009","0.009","0.0025","0.0015","0.0005"
"07-24-2025 03:00","1753326009","0.036","0.115","0.271","","","","","","","","","","0.009","0.0085","0.0025","0.0015","0.0005"
"07-24-2025 04:00","1753329609","0.035","0.12","0.268","","","","","","","","","","0.009","0.0085","0.0025","0.0015","0.0005"
"07-24-2025 05:00","1753333209","0.0345","0.085","0.2205","","","","","","","","","","0.008","0.0075","0.003","0.0015","0.0005"
"07-24-2025 06:00","1753336809","0.029","0.07","0.1715","","","","","","","","","","0.0075","0.0075","0.0035","0.0015","0.0005"
"07-24-2025 07:00","1753340409","0.025","0.065","0.1645","","","","","","","","","","0.0075","0.0075","0.0035","0.0015","0.0005"
"07-24-2025 08:00","1753344009","0.026","0.075","0.1895","","","","","","","","","","0.008","0.0065","0.0035","0.0015","0.0005"
"07-24-2025 09:00","1753347610","0.0305","0.095","0.2505","","","","","","","","","","0.0075","0.0065","0.0035","0.0015","0.0005"
"07-24-2025 10:00","1753351210","0.0305","0.1","0.247","","","","","","","","","","0.0075","0.0065","0.003","0.0015","0.0005"
"07-24-2025 11:00","1753354810","0.028","0.085","0.213","0.37","","","","","","","","","0.008","0.0065","0.003","0.0015","0.0005"
"07-24-2025 12:00","1753358409","0.03","0.11","0.2465","0.395","","","","","","","","","0.008","0.0065","0.0025","0.0015","0.0005"
"07-24-2025 13:00","1753362008","0.0305","0.085","0.2255","0.365","","","","","","","","","0.008","0.006","0.0025","0.0015","0.0005"
"07-24-2025 14:00","1753365608","0.023","0.08","0.212","0.38","","","","","","","","","0.0075","0.006","0.0025","0.0015","0.0005"
"07-24-2025 15:00","1753369209","0.044","0.165","0.377","0.62","","","","","","","","","0.0075","0.006","0.0025","0.0005","0.0005"
"07-24-2025 16:00","1753372809","0.059","0.165","0.385","0.595","","","","","","","","","0.007","0.006","0.0025","0.0005","0.0005"
"07-24-2025 17:00","1753376409","0.0505","0.135","0.305","0.515","","","","","","","","","0.007","0.006","0.0025","0.0005","0.0005"
"07-24-2025 18:00","1753380010","0.0485","0.155","0.364","0.59","","","","","","","","","0.0065","0.006","0.0025","0.0005","0.0005"
"07-24-2025 19:00","1753383609","0.048","0.16","0.385","0.625","","","","","","","","","0.0065","0.0055","0.0025","0.0005","0.0005"
"07-24-2025 20:00","1753387209","0.0375","0.175","0.367","0.605","","","","","","","","","0.0065","0.0055","0.0025","0.0005","0.0005"
"07-24-2025 21:00","1753390808","0.04","0.16","0.3755","0.605","","","","","","","","","0.0065","0.0055","0.002","0.0005","0.0005"
"07-24-2025 22:00","1753394409","0.035","0.155","0.341","0.58","","","","","","","","","0.0065","0.0055","0.002","0.0005","0.0005"
"07-24-2025 23:00","1753398009","0.036","0.15","0.344","0.58","","","","","","","","","0.0065","0.0055","0.002","0.0005","0.0005"
"07-25-2025 00:00","1753401609","0.0375","0.13","0.3105","0.535","","","","","","","","","0.0065","0.0055","0.0015","0.0005","0.0005"
"07-25-2025 01:00","1753405209","0.0335","0.105","0.2405","0.45","","","","","","","","","0.009","0.006","0.0015","0.0005","0.0005"
"07-25-2025 02:00","1753408809","0.029","0.11","0.2775","0.495","","","","","","","","","0.009","0.006","0.002","0.0005","0.0005"
"07-25-2025 03:00","1753412409","0.0285","0.08","0.2135","0.39","","","","","","","","","0.009","0.006","0.002","0.0005","0.0005"
"07-25-2025 04:00","1753416009","0.0235","0.065","0.1755","0.355","","","","","","","","","0.008","0.006","0.003","0.0005","0.0005"
"07-25-2025 05:00","1753419609","0.0225","0.09","0.2405","0.425","","","","","","","","","0.008","0.006","0.003","0.0005","0.0005"
"07-25-2025 06:00","1753423209","0.02","0.085","0.22","0.405","","","","","","","","","0.008","0.006","0.0025","0.0005","0.0005"
"07-25-2025 07:00","1753426808","0.0205","0.085","0.21","0.395","","","","","","","","","0.0085","0.006","0.003","0.0005","0.0005"
"07-25-2025 08:00","1753430408","0.02","0.085","0.214","0.405","","","","","","","","","0.0085","0.006","0.0025","0.0005","0.0005"
"07-25-2025 09:00","1753434009","0.0205","0.115","0.2515","0.46","","","","","","","","","0.0085","0.006","0.0025","0.0005","0.0005"
"07-25-2025 10:00","1753437608","0.0285","0.125","0.339","0.58","","","","","","","","","0.0085","0.006","0.0025","0.0005","0.0005"
"07-25-2025 11:00","1753441209","0.0275","0.11","0.3275","0.55","","","","","","","","","0.008","0.006","0.0025","0.0005","0.0005"
"07-25-2025 12:00","1753444809","0.028","0.12","0.332","0.57","","","","","","","","","0.0075","0.005","0.004","0.0005","0.0005"
"07-25-2025 13:00","1753448409","0.0225","0.115","0.294","0.52","","","","","","","","","0.0075","0.0045","0.0035","0.0005","0.0005"
"07-25-2025 14:00","1753452010","0.0225","0.105","0.292","0.51","","","","","","","","","0.007","0.004","0.004","0.0005","0.0005"
"07-25-2025 15:00","1753455609","0.0225","0.07","0.2005","0.365","","","","","","","","","0.007","0.0035","0.0035","0.0005","0.0005"
"07-25-2025 16:00","1753459210","0.0215","0.08","0.211","0.365","","","","","","","","","0.0065","0.0035","0.003","0.0005","0.0005"
"07-25-2025 17:00","1753462809","0.022","0.08","0.206","0.375","","","","","","","","","0.007","0.004","0.003","0.0005","0.0005"
"07-25-2025 18:00","1753466410","0.0205","0.075","0.196","0.36","","","","","","","","","0.007","0.004","0.003","0.0005","0.0005"
"07-25-2025 19:00","1753470009","0.021","0.075","0.215","0.38","","","","","","","","","0.0055","0.0045","0.003","0.0005","0.0005"
"07-25-2025 20:00","1753473610","0.0165","0.07","0.2095","0.36","","","","","","","","","0.0065","0.0045","0.003","0.0005","0.0005"
"07-25-2025 21:00","1753477210","0.0175","0.09","0.257","0.44","","","","","","","","","0.0055","0.007","0.002","0.001","0.0005"
"07-25-2025 22:00","1753480810","0.019","0.125","0.314","0.505","","","","","","","","","0.0045","0.0065","0.002","0.001","0.0005"
"07-25-2025 23:00","1753484409","0.0185","0.125","0.3285","0.52","","","","","","","","","0.0045","0.0065","0.002","0.001","0.0005"
"07-26-2025 00:00","1753488009","0.0185","0.125","0.328","0.52","","","","","","","","","0.006","0.0065","0.002","0.001","0.0005"
"07-26-2025 01:00","1753491610","0.0185","0.115","0.325","0.515","","","","","","","","","0.0065","0.0065","0.002","0.001","0.0005"
"07-26-2025 02:00","1753495210","0.023","0.105","0.2785","0.48","","","","","","","","","0.004","0.0065","0.002","0.001","0.0005"
"07-26-2025 03:00","1753498810","0.031","0.135","0.363","0.565","","","","","","","","","0.004","0.0045","0.0015","0.0015","0.0005"
"07-26-2025 04:00","1753502409","0.0265","0.11","0.341","0.55","","","","","","","","","0.0025","0.0045","0.0015","0.0015","0.0005"
"07-26-2025 05:00","1753506009","0.025","0.125","0.347","0.56","","","","","","","","","0.0025","0.0035","0.0015","0.0015","0.0005"
"07-26-2025 06:00","1753509608","0.024","0.115","0.342","0.55","","","","","","","","","0.0025","0.0035","0.0015","0.0005","0.0005"
"07-26-2025 07:00","1753513209","0.0215","0.115","0.33","0.54","","","","","","","","","0.003","0.004","0.0025","0.0015","0.0005"
"07-26-2025 08:00","1753516809","0.019","0.125","0.3345","0.495","","","","","","","","","0.0045","0.0035","0.002","0.0015","0.0005"
"07-26-2025 09:00","1753520409","0.0195","0.135","0.3745","0.59","","","","","","","","","0.0045","0.0035","0.0035","0.0015","0.0005"
"07-26-2025 10:00","1753524009","0.0195","0.14","0.327","0.575","","","","","","","","","0.005","0.0035","0.0035","0.0005","0.0005"
"07-26-2025 11:00","1753527609","0.0165","0.15","0.3465","0.59","","","","","","","","","0.005","0.0035","0.0035","0.0005","0.0005"
"07-26-2025 12:00","1753531210","0.024","0.105","0.306","0.575","","","","","","","","","0.005","0.0035","0.0035","0.0005","0.0005"
"07-26-2025 13:00","1753534810","0.024","0.125","0.302","0.585","","","","","","","","","0.005","0.0035","0.0035","0.0005","0.0005"
"07-26-2025 14:00","1753538410","0.0165","0.11","0.303","0.58","","","","","","","","","0.005","0.0035","0.0035","0.0005","0.0005"
"07-26-2025 15:00","1753542009","0.0175","0.11","0.269","0.575","","","","","","","","","0.005","0.0035","0.0035","0.001","0.0005"
"07-26-2025 16:00","1753545609","0.0225","0.11","0.2815","0.535","","","","","","","","","0.005","0.0035","0.003","0.001","0.0005"
"07-26-2025 17:00","1753549209","0.022","0.105","0.269","0.52","","","","","","","","","0.005","0.0035","0.003","0.0005","0.0005"
"07-26-2025 18:00","1753552809","0.022","0.085","0.266","0.515","","","","","","","","","0.0045","0.0035","0.002","0.0005","0.0005"
"07-26-2025 19:00","1753556409","0.0225","0.105","0.291","0.54","","","","","","","","","0.0045","0.0035","0.002","0.0005","0.0005"
"07-26-2025 20:00","1753560009","0.0245","0.105","0.3105","0.565","","","","","","","","","0.0045","0.0035","0.002","0.0005","0.0005"
"07-26-2025 21:00","1753563608","0.026","0.1","0.3","0.535","","","","","","","","","0.0045","0.0035","0.002","0.0005","0.0005"
"07-26-2025 22:00","1753567210","0.024","0.105","0.325","0.58","","","","","","","","","0.0045","0.0035","0.002","0.0005","0.0005"
"07-26-2025 23:00","1753570809","0.0245","0.13","0.3065","0.54","","","","","","","","","0.0045","0.0035","0.002","0.0005","0.0005"
"07-27-2025 00:00","1753574410","0.029","0.125","0.281","0.52","","","","","","","","","0.0045","0.0035","0.002","0.0005","0.0005"
"07-27-2025 01:00","1753578009","0.0285","0.115","0.309","0.55","","","","","","","","","0.0045","0.0035","0.002","0.0005","0.0005"
"07-27-2025 02:00","1753581609","0.0275","0.12","0.309","0.55","","","","","","","","","0.0045","0.0035","0.002","0.0005","0.0005"
"07-27-2025 03:00","1753585209","0.0305","0.125","0.3655","0.61","","","","","","","","","0.0045","0.004","0.0015","0.0005","0.0005"
"07-27-2025 04:00","1753588808","0.0305","0.13","0.333","0.595","","","","","","","","","0.0035","0.0035","0.0015","0.0005","0.0005"
"07-27-2025 05:00","1753592407","0.029","0.155","0.396","0.64","","","","","","","","","0.0035","0.0035","0.0015","0.0005","0.0005"
"07-27-2025 06:00","1753596009","0.0315","0.16","0.4015","0.655","","","","","","","","","0.0035","0.0035","0.0015","0.0005","0.0005"
"07-27-2025 07:00","1753599609","0.031","0.13","0.3555","0.6","","","","","","","","","0.0035","0.003","0.003","0.0005","0.0005"
"07-27-2025 08:00","1753603209","0.0295","0.115","0.3575","0.58","","","","","","","","","0.0035","0.003","0.003","0.0005","0.0005"
"07-27-2025 09:00","1753606808","0.0275","0.11","0.327","0.565","","","","","","","","","0.0035","0.003","0.002","0.0005","0.0005"
"07-27-2025 10:00","1753610408","0.027","0.11","0.3235","0.57","","","","","","","","","0.0035","0.003","0.002","0.0005","0.0005"
"07-27-2025 11:00","1753614008","0.029","0.175","0.427","0.705","","","","","","","","","0.0035","0.003","0.002","0.0005","0.0005"
"07-27-2025 12:00","1753617609","0.029","0.17","0.4355","0.705","","","","","","","","","0.0035","0.003","0.002","0.0005","0.0005"
"07-27-2025 13:00","1753621208","0.0285","0.18","0.462","0.735","","","","","","","","","0.0035","0.003","0.0015","0.0005","0.0005"
"07-27-2025 14:00","1753624809","0.029","0.165","0.4135","0.69","","","","","","","","","0.003","0.003","0.0025","0.0005","0.0005"
"07-27-2025 15:00","1753628409","0.028","0.145","0.404","0.685","","","","","","","","","0.003","0.003","0.0025","0.0005","0.0005"
"07-27-2025 16:00","1753632009","0.0285","0.155","0.4285","0.71","","","","","","","","","0.003","0.0035","0.002","0.0005","0.0005"
"07-27-2025 17:00","1753635608","0.0305","0.16","0.4455","0.72","","","","","","","","","0.0025","0.0015","0.002","0.0005","0.0005"
"07-27-2025 18:00","1753639208","0.0295","0.165","0.512","0.77","","","","","","","","","0.0025","0.0015","0.0025","0.0005","0.0005"
"07-27-2025 19:00","1753642808","0.0335","0.205","0.56","0.83","","","","","","","","","0.0025","0.0015","0.002","0.0005","0.0005"
"07-27-2025 20:00","1753646408","0.0355","0.185","0.5075","0.775","","","","","","","","","0.0025","0.0015","0.002","0.0005","0.0005"
"07-27-2025 21:00","1753650008","0.0355","0.155","0.487","0.755","","","","","","","","","0.0025","0.0015","0.002","0.0005","0.0005"
"07-27-2025 22:00","1753653608","0.035","0.17","0.5095","0.775","","","","","","","","","0.0025","0.0015","0.002","0.0005","0.0005"
"07-27-2025 23:00","1753657208","0.035","0.195","0.5555","0.865","","","","","","","","","0.002","0.0015","0.002","0.0005","0.0005"
"07-28-2025 00:00","1753660809","0.0345","0.21","0.5615","0.88","","","","","","","","","0.002","0.0015","0.002","0.0005","0.0005"
"07-28-2025 01:00","1753664408","0.052","0.215","0.5515","0.89","","","","","","","","","0.002","0.0015","0.0015","0.0005","0.0005"
"07-28-2025 02:00","1753668008","0.043","0.195","0.496","0.845","","","","","","","","","0.002","0.0015","0.0015","0.0005","0.0005"
"07-28-2025 03:00","1753671607","0.0435","0.23","0.635","0.995","","","","","","","","","0.002","0.0015","0.0015","0.0005","0.0005"
"07-28-2025 04:00","1753675208","0.041","0.215","0.62","0.995","","","","","","","","","0.002","0.0015","0.0015","0.0005","0.0005"
"07-28-2025 05:00","1753678808","0.047","0.245","0.6795","0.9995","","","","","","","","","0.0015","0.0015","0.0005","0.0005","0.0005"
"07-28-2025 06:00","1753682407","0.0605","0.33","0.7705","0.9995","","","","","","","","","0.0015","0.0015","0.0015","0.0005","0.0005"
"07-28-2025 07:00","1753686007","0.05","0.29","0.717","","","","","","","","","","0.0015","0.0015","0.0015","0.0005","0.0005"
"07-28-2025 08:00","1753689608","0.042","0.255","0.643","","","","","","","","","","0.0015","0.0015","0.0015","0.0005","0.0005"
"07-28-2025 09:00","1753693208","0.041","0.24","0.636","","","","","","","","","","0.0015","0.0015","0.0005","0.0005","0.0005"
"07-28-2025 10:00","1753696808","0.0315","0.225","0.624","","","","","","","","","","0.0015","0.0005","0.0005","0.0005","0.0005"
"07-28-2025 11:00","1753700408","0.0315","0.215","0.608","","","","","","","","","","0.0015","0.0005","0.0005","0.0005","0.0005"
"07-28-2025 12:00","1753704009","0.0255","0.195","0.596","","","","","","","","","","0.0015","0.0005","0.0005","0.0005","0.0005"
"07-28-2025 13:00","1753707609","0.035","0.2","0.5855","","","","","","","","","","0.002","0.0005","0.001","0.0005","0.0005"
"07-28-2025 14:00","1753711208","0.026","0.17","0.5135","","","","","","","","","","0.002","0.0005","0.001","0.0005","0.0005"
"07-28-2025 15:00","1753714808","0.024","0.125","0.3795","","","","","","","","","","0.0025","0.001","0.001","0.0005","0.0005"
"07-28-2025 16:00","1753718408","0.022","0.13","0.418","","","","","","","","","","0.0025","0.0015","0.001","0.0005","0.0005"
"07-28-2025 17:00","1753722008","0.0225","0.12","0.427","","","","","","","","","","0.0025","0.0015","0.001","0.0005","0.0005"
"07-28-2025 18:00","1753725608","0.02","0.085","0.3605","","","","","","","","","","0.0025","0.0015","0.001","0.0005","0.0005"
"07-28-2025 19:00","1753729209","0.017","0.08","0.35","","","","","","","","","","0.0025","0.0015","0.0005","0.0005","0.0005"
"07-28-2025 20:00","1753732810","0.0175","0.09","0.3745","","","","","","","","","","0.0025","0.0015","0.0005","0.0005","0.0005"
"07-28-2025 21:00","1753736409","0.0205","0.08","0.367","","","","","","","","","","0.002","0.0015","0.0005","0.0005","0.0005"
"07-28-2025 22:00","1753740009","0.019","0.085","0.3525","","","","","","","","","","0.002","0.0015","0.0005","0.0005","0.0005"
"07-28-2025 23:00","1753743610","0.0225","0.06","0.315","","","","","","","","","","0.002","0.0015","0.0005","0.0005","0.0005"
"07-29-2025 00:00","1753747210","0.022","0.07","0.3505","","","","","","","","","","0.002","0.0015","0.0005","0.0005","0.0005"
"07-29-2025 01:00","1753750808","0.0205","0.08","0.3135","","","","","","","","","","0.002","0.0015","0.0005","0.0005","0.0005"
"07-29-2025 02:00","1753754408","0.021","0.065","0.2665","","","","","","","","","","0.002","0.0015","0.0005","0.0005","0.0005"
"07-29-2025 03:00","1753758009","0.0155","0.055","0.2515","","","","","","","","","","0.002","0.0005","0.0005","0.0005","0.0005"
"07-29-2025 04:00","1753761610","0.0155","0.07","0.324","","","","","","","","","","0.002","0.0015","0.0005","0.0005","0.0005"
"07-29-2025 05:00","1753765209","0.014","0.065","0.2745","","","","","","","","","","0.0015","0.001","0.0005","0.0005","0.0005"
"07-29-2025 06:00","1753768810","0.014","0.08","0.338","","","","","","","","","","0.001","0.001","0.0005","0.0005","0.0005"
"07-29-2025 07:00","1753772409","0.0135","0.105","0.4055","","","","","","","","","","0.001","0.001","0.0005","0.0005","0.0005"
"07-29-2025 08:00","1753776008","0.0205","0.175","0.5305","","","","","","","","","","0.001","0.0005","0.0005","0.0005","0.0005"
"07-29-2025 09:00","1753779609","0.0185","0.135","0.518","","","","","","","","","","0.001","0.0005","0.0005","0.0005","0.0005"
"07-29-2025 10:00","1753783210","0.018","0.13","0.495","","","","","","","","","","0.001","0.001","0.0005","0.0005","0.0005"
"07-29-2025 11:00","1753786808","0.0165","0.095","0.37","","","","","","","","","","0.0005","0.001","0.0005","0.0005","0.0005"
"07-29-2025 12:00","1753790408","0.0165","0.085","0.353","","","","","","","","","","0.0005","0.001","0.0005","0.0005","0.0005"
"07-29-2025 13:00","1753794010","0.0165","0.1","0.434","","","","","","","","","","0.0005","0.001","0.0005","0.0005","0.0005"
"07-29-2025 14:00","1753797609","0.0165","0.07","0.3785","","","","","","","","","","0.0015","0.001","0.0005","0.0005","0.0005"
"07-29-2025 15:00","1753801209","0.015","0.035","0.245","","","","","","","","","","0.0015","0.001","0.0005","0.0005","0.0005"
"07-29-2025 16:00","1753804808","0.018","0.0255","0.208","","","","","","","","","","0.0015","0.001","0.0005","0.0005","0.0005"
"07-29-2025 17:00","1753808409","0.0125","0.0305","0.1805","","","","","","","","","","0.0015","0.001","0.0005","0.0005","0.0005"
"07-29-2025 18:00","1753812010","0.013","0.0365","0.1985","","","","","","","","","","0.0015","0.001","0.0005","0.0005","0.0005"
"07-29-2025 19:00","1753815609","0.0135","0.037","0.197","","","","","","","","","","0.0015","0.001","0.0005","0.0005","0.0005"
"07-29-2025 20:00","1753819210","0.0085","0.033","0.1855","","","","","","","","","","0.0015","0.001","0.0005","0.0005","0.0005"
"07-29-2025 21:00","1753822809","0.0095","0.028","0.177","","","","","","","","","","0.0015","0.001","0.0005","0.0005","0.0005"
"07-29-2025 22:00","1753826408","0.013","0.035","0.216","","","","","","","","","","0.0015","0.0005","0.0005","0.0005","0.0005"
"07-29-2025 23:00","1753830010","0.015","0.0465","0.239","","","","","","","","","","0.001","0.0005","0.0005","0.0005","0.0005"
"07-30-2025 00:00","1753833610","0.014","0.0455","0.245","","","","","","","","","","0.001","0.0005","0.0005","0.0005","0.0005"
"07-30-2025 01:00","1753837209","0.0115","0.038","0.197","","","","","","","","","","0.001","0.0005","0.001","0.001","0.0005"
"07-30-2025 02:00","1753840809","0.012","0.0375","0.254","","","","","","","","","","0.001","0.0005","0.001","0.0015","0.0005"
"07-30-2025 03:00","1753844410","0.0095","0.045","0.276","","","","","","","","","","0.001","0.0005","0.001","0.001","0.0005"
"07-30-2025 04:00","1753848010","0.0095","0.0495","0.2875","","","","","","","","","","0.0005","0.0005","0.001","0.001","0.0005"
"07-30-2025 05:00","1753851610","0.01","0.033","0.2545","","","","","","","","","","0.0005","0.0005","0.001","0.001","0.0005"
"07-30-2025 06:00","1753855208","0.01","0.0345","0.2525","","","","","","","","","","0.0005","0.0005","0.001","0.001","0.0005"
"07-30-2025 07:00","1753858808","0.01","0.034","0.29","","","","","","","","","","0.0005","0.0005","0.001","0.001","0.0005"
"07-30-2025 08:00","1753862409","0.01","0.0395","0.2405","","","","","","","","","","0.0005","0.0005","0.001","0.001","0.0005"
"07-30-2025 09:00","1753866010","0.0095","0.0385","0.2515","","","","","","","","","","0.0005","0.0005","0.001","0.0015","0.0015"
"07-30-2025 10:00","1753869609","0.0075","0.022","0.1495","","","","","","","","","","0.0015","0.0005","0.001","0.0015","0.0015"
"07-30-2025 11:00","1753873210","0.0075","0.022","0.13","","","","","","","","","","0.0015","0.0005","0.001","0.0015","0.0015"
"07-30-2025 12:00","1753876809","0.009","0.0215","0.113","","","","","","","","","","0.0015","0.0005","0.001","0.0015","0.0015"
"07-30-2025 13:00","1753880408","0.009","0.0215","0.112","","","","","","","","","","0.0015","0.0005","0.001","0.0015","0.0015"
"07-30-2025 14:00","1753884010","0.009","0.0225","0.1125","","","","","","","","","","0.0015","0.0005","0.001","0.0015","0.0015"
"07-30-2025 15:00","1753887609","0.009","0.0195","0.224","","","","","","","","","","0.0015","0.0005","0.001","0.0015","0.0015"
"07-30-2025 16:00","1753891210","0.0085","0.02","0.133","","","","","","","","","","0.001","0.0005","0.001","0.0015","0.0015"
"07-30-2025 17:00","1753894809","0.0055","0.016","0.102","","","","","","","","","","0.0015","0.0005","0.001","0.0015","0.0005"
"07-30-2025 18:00","1753898409","0.0075","0.0175","0.118","","","","","","","","","","0.0005","0.0005","0.0005","0.0005","0.0005"
"07-30-2025 19:00","1753902009","0.006","0.0055","0.0435","","","","","","","","","","0.0005","0.0005","0.001","0.001","0.0005"
"07-30-2025 20:00","1753905609","0.003","0.0045","0.065","","","","","","","","","","0.0005","0.0005","0.001","0.001","0.0005"
"07-30-2025 21:00","1753909210","0.003","0.006","0.056","","","","","","","","","","0.0005","0.0005","0.001","0.001","0.0005"
"07-30-2025 22:00","1753912809","0.001","0.003","0.035","","","","","","","","","","0.0005","0.0005","0.001","0.001","0.0005"
"07-30-2025 23:00","1753916409","0.0015","0.0015","0.02","","","","","","","","","","0.0005","0.0005","0.001","0.001","0.0005"
"07-31-2025 00:00","1753920008","0.0005","0.0035","0.0635","","","","","","","","","","0.0005","0.0005","0.001","0.001","0.0005"
"07-31-2025 01:00","1753923610","0.006","0.017","0.1765","","","","","","","","","","0.0005","0.0005","0.001","0.001","0.0005"
"07-31-2025 02:00","1753927210","0.0055","0.017","0.1445","","","","","","","","","","0.0005","0.0005","0.001","0.001","0.0005"
"07-31-2025 03:00","1753930808","0.003","0.012","0.2035","","","","","","","","","","0.0005","0.0005","0.001","0.001","0.0005"
"07-31-2025 04:00","1753934409","0.0025","0.0135","0.2115","","","","","","","","","","0.0005","0.0005","0.001","0.001","0.003"
"07-31-2025 05:00","1753938010","0.0015","0.013","0.22","","","","","","","","","","0.0005","0.0005","0.001","0.001","0.003"
"07-31-2025 06:00","1753941609","0.003","0.012","0.1605","","","","","","","","","","0.0005","0.0005","0.001","0.001","0.003"
"07-31-2025 07:00","1753945210","0.003","0.017","0.2095","","","","","","","","","","0.0005","0.0005","0.001","0.001","0.003"
"07-31-2025 08:00","1753948809","0.003","0.006","0.159","","","","","","","","","","0.0005","0.0005","0.001","0.001","0.0025"
"07-31-2025 09:00","1753952409","0.003","0.0115","0.1395","","","","","","","","","","0.0005","0.0005","0.001","0.001","0.0015"
"07-31-2025 10:00","1753956010","0.003","0.0135","0.116","","","","","","","","","","0.0005","0.0005","0.0005","0.0005","0.0005"
"07-31-2025 11:00","1753959608","0.003","0.0035","0.0795","","","","","","","","","","0.0005","0.0005","0.001","0.001","0.0015"
"07-31-2025 12:00","1753963208","0.0015","0.0025","0.0405","","","","","","","","","","0.0005","0.0005","0.001","0.001","0.0015"
"07-31-2025 13:00","1753966810","0.0005","0.004","0.0465","","","","","","","","","","0.0005","0.0005","0.001","0.001","0.0015"
"07-31-2025 14:00","1753970409","0.001","0.002","0.0215","","","","","","","","","","0.0005","0.0005","0.001","0.001","0.0015"
"07-31-2025 15:00","1753974009","0.0005","0.0015","0.0135","","","","","","","","","","0.001","0.0005","0.001","0.001","0.0015"
"07-31-2025 16:00","1753977609","0.001","0.0025","0.0115","","","","","","","","","","0.001","0.0005","0.001","0.001","0.002"
"07-31-2025 17:00","1753981208","0.0005","0.0025","0.0145","","","","","","","","","","0.0005","0.0005","0.0005","0.001","0.0005"
"07-31-2025 18:00","1753984810","0.0005","0.0025","0.009","","","","","","","","","","0.0005","0.0005","0.0005","0.0005","0.0005"
"07-31-2025 19:00","1753988409","0.001","0.0025","0.008","","","","","","","","","","0.0005","0.0005","0.0005","0.001","0.0005"
"07-31-2025 20:00","1753992009","0.0005","0.0005","0.0045","","","","","","","","","","0.0005","0.0005","0.0005","0.0005","0.0005"
"07-31-2025 21:00","1753995610","0.0005","0.002","0.002","","","","","","","","","","0.0005","0.0005","0.0005","0.0005","0.0005"
"07-31-2025 22:00","1753999209","0.0005","0.002","0.0015","","","","","","","","","","0.0005","0.0005","0.0005","0.0005","0.0005"
"07-31-2025 23:00","1754002809","0.0005","0.0015","0.0015","","","","","","","","","","0.0005","0.0005","0.001","0.0005","0.0005"
"08-01-2025 00:00","1754006409","0.0005","0.0015","0.0005","","","","","","","","","","0.0005","0.0005","0.0025","0.001","0.0005"
"08-01-2025 01:00","1754010009","0.0005","0.001","0.0005","","","","","","","","","","0.0005","0.0015","0.0025","0.001","0.0005"
"08-01-2025 02:00","1754013610","0.0005","0.001","0.0015","","","","","","","","","","0.0005","0.0005","0.0005","0.0005","0.0005"
"08-01-2025 03:00","1754017208","0.0005","0.0005","0.0005","","","","","","","","","","0.0005","0.0005","0.0005","0.0005","0.0005"
"08-01-2025 04:00","1754020809","0.0005","0.0005","0.0005","","","","","","","","","","0.0005","0.0005","0.0005","0.0005","0.0005"
"08-01-2025 05:00","1754024408","0.0005","0.0005","0.0005","","","","","","","","","","0.0005","0.0005","0.0005","0.0005","0.0005"
"08-01-2025 06:00","1754028008","0.0005","0.0005","0.0005","","","","","","","","","","0.0005","0.0005","0.0005","0.0005","0.0005"